lr-AdamW/pg1,lr-AdamW/pg2,step,train_loss,epoch,valid_loss_epoch,valid_mse_epoch,valid_mae_epoch,valid_corr_nino3.4_epoch,valid_corr_nino3.4_weighted_epoch,valid_nino_rmse_epoch,test_mse_epoch,test_mae_epoch,test_corr_nino3.4_epoch,test_corr_nino3.4_weighted_epoch,test_nino_rmse_epoch
4.890274466654442e-07,4.890274466654442e-07,80,,,,,,,,,,,,,
4.890274466654442e-07,4.890274466654442e-07,80,,,,,,,,,,,,,
,,80,0.49338749051094055,0,,,,,,,,,,,
9.841677364142062e-07,9.841677364142062e-07,161,,,,,,,,,,,,,
9.841677364142062e-07,9.841677364142062e-07,161,,,,,,,,,,,,,
,,161,0.13368265330791473,0,,,,,,,,,,,
1.4793080261629684e-06,1.4793080261629684e-06,242,,,,,,,,,,,,,
1.4793080261629684e-06,1.4793080261629684e-06,242,,,,,,,,,,,,,
,,242,0.03525096923112869,0,,,,,,,,,,,
1.9744483159117307e-06,1.9744483159117307e-06,323,,,,,,,,,,,,,
1.9744483159117307e-06,1.9744483159117307e-06,323,,,,,,,,,,,,,
,,323,0.016846079379320145,0,,,,,,,,,,,
2.4695886056604927e-06,2.4695886056604927e-06,404,,,,,,,,,,,,,
2.4695886056604927e-06,2.4695886056604927e-06,404,,,,,,,,,,,,,
,,404,0.010786195285618305,0,,,,,,,,,,,
2.964728895409255e-06,2.964728895409255e-06,485,,,,,,,,,,,,,
2.964728895409255e-06,2.964728895409255e-06,485,,,,,,,,,,,,,
,,485,0.007783100940287113,0,,,,,,,,,,,
3.459869185158017e-06,3.459869185158017e-06,566,,,,,,,,,,,,,
3.459869185158017e-06,3.459869185158017e-06,566,,,,,,,,,,,,,
,,566,0.005870543420314789,0,,,,,,,,,,,
3.95500947490678e-06,3.95500947490678e-06,647,,,,,,,,,,,,,
3.95500947490678e-06,3.95500947490678e-06,647,,,,,,,,,,,,,
,,647,0.004755351226776838,0,,,,,,,,,,,
4.450149764655541e-06,4.450149764655541e-06,728,,,,,,,,,,,,,
4.450149764655541e-06,4.450149764655541e-06,728,,,,,,,,,,,,,
,,728,0.003801831044256687,0,,,,,,,,,,,
4.945290054404304e-06,4.945290054404304e-06,809,,,,,,,,,,,,,
4.945290054404304e-06,4.945290054404304e-06,809,,,,,,,,,,,,,
,,809,0.003167997347190976,0,,,,,,,,,,,
5.440430344153065e-06,5.440430344153065e-06,890,,,,,,,,,,,,,
5.440430344153065e-06,5.440430344153065e-06,890,,,,,,,,,,,,,
,,890,0.0027057144325226545,1,,,,,,,,,,,
5.935570633901828e-06,5.935570633901828e-06,971,,,,,,,,,,,,,
5.935570633901828e-06,5.935570633901828e-06,971,,,,,,,,,,,,,
,,971,0.0023299111053347588,1,,,,,,,,,,,
6.43071092365059e-06,6.43071092365059e-06,1052,,,,,,,,,,,,,
6.43071092365059e-06,6.43071092365059e-06,1052,,,,,,,,,,,,,
,,1052,0.002051082905381918,1,,,,,,,,,,,
6.925851213399352e-06,6.925851213399352e-06,1133,,,,,,,,,,,,,
6.925851213399352e-06,6.925851213399352e-06,1133,,,,,,,,,,,,,
,,1133,0.0018048095516860485,1,,,,,,,,,,,
7.420991503148114e-06,7.420991503148114e-06,1214,,,,,,,,,,,,,
7.420991503148114e-06,7.420991503148114e-06,1214,,,,,,,,,,,,,
,,1214,0.0016117640770971775,1,,,,,,,,,,,
7.916131792896876e-06,7.916131792896876e-06,1295,,,,,,,,,,,,,
7.916131792896876e-06,7.916131792896876e-06,1295,,,,,,,,,,,,,
,,1295,0.0014963896246626973,1,,,,,,,,,,,
8.41127208264564e-06,8.41127208264564e-06,1376,,,,,,,,,,,,,
8.41127208264564e-06,8.41127208264564e-06,1376,,,,,,,,,,,,,
,,1376,0.0014085964066907763,1,,,,,,,,,,,
8.906412372394401e-06,8.906412372394401e-06,1457,,,,,,,,,,,,,
8.906412372394401e-06,8.906412372394401e-06,1457,,,,,,,,,,,,,
,,1457,0.0012528313091024756,1,,,,,,,,,,,
9.401552662143163e-06,9.401552662143163e-06,1538,,,,,,,,,,,,,
9.401552662143163e-06,9.401552662143163e-06,1538,,,,,,,,,,,,,
,,1538,0.001169424271211028,1,,,,,,,,,,,
9.896692951891926e-06,9.896692951891926e-06,1619,,,,,,,,,,,,,
9.896692951891926e-06,9.896692951891926e-06,1619,,,,,,,,,,,,,
,,1619,0.0010566930286586285,1,,,,,,,,,,,
1.0391833241640688e-05,1.0391833241640688e-05,1700,,,,,,,,,,,,,
1.0391833241640688e-05,1.0391833241640688e-05,1700,,,,,,,,,,,,,
,,1700,0.0010164100676774979,2,,,,,,,,,,,
1.0886973531389449e-05,1.0886973531389449e-05,1781,,,,,,,,,,,,,
1.0886973531389449e-05,1.0886973531389449e-05,1781,,,,,,,,,,,,,
,,1781,0.0009813314536586404,2,,,,,,,,,,,
1.1382113821138211e-05,1.1382113821138211e-05,1862,,,,,,,,,,,,,
1.1382113821138211e-05,1.1382113821138211e-05,1862,,,,,,,,,,,,,
,,1862,0.0008609541109763086,2,,,,,,,,,,,
1.1877254110886975e-05,1.1877254110886975e-05,1943,,,,,,,,,,,,,
1.1877254110886975e-05,1.1877254110886975e-05,1943,,,,,,,,,,,,,
,,1943,0.0008913690107874572,2,,,,,,,,,,,
1.2372394400635738e-05,1.2372394400635738e-05,2024,,,,,,,,,,,,,
1.2372394400635738e-05,1.2372394400635738e-05,2024,,,,,,,,,,,,,
,,2024,0.0008743494399823248,2,,,,,,,,,,,
1.2867534690384497e-05,1.2867534690384497e-05,2105,,,,,,,,,,,,,
1.2867534690384497e-05,1.2867534690384497e-05,2105,,,,,,,,,,,,,
,,2105,0.0008914481149986386,2,,,,,,,,,,,
1.336267498013326e-05,1.336267498013326e-05,2186,,,,,,,,,,,,,
1.336267498013326e-05,1.336267498013326e-05,2186,,,,,,,,,,,,,
,,2186,0.000805695541203022,2,,,,,,,,,,,
1.3857815269882025e-05,1.3857815269882025e-05,2267,,,,,,,,,,,,,
1.3857815269882025e-05,1.3857815269882025e-05,2267,,,,,,,,,,,,,
,,2267,0.0007569563458673656,2,,,,,,,,,,,
1.4352955559630785e-05,1.4352955559630785e-05,2348,,,,,,,,,,,,,
1.4352955559630785e-05,1.4352955559630785e-05,2348,,,,,,,,,,,,,
,,2348,0.0008032714249566197,2,,,,,,,,,,,
1.4848095849379548e-05,1.4848095849379548e-05,2429,,,,,,,,,,,,,
1.4848095849379548e-05,1.4848095849379548e-05,2429,,,,,,,,,,,,,
,,2429,0.000712598382961005,2,,,,,,,,,,,
1.534323613912831e-05,1.534323613912831e-05,2510,,,,,,,,,,,,,
1.534323613912831e-05,1.534323613912831e-05,2510,,,,,,,,,,,,,
,,2510,0.0006858676206320524,3,,,,,,,,,,,
1.5838376428877072e-05,1.5838376428877072e-05,2591,,,,,,,,,,,,,
1.5838376428877072e-05,1.5838376428877072e-05,2591,,,,,,,,,,,,,
,,2591,0.000643017643596977,3,,,,,,,,,,,
1.633351671862583e-05,1.633351671862583e-05,2672,,,,,,,,,,,,,
1.633351671862583e-05,1.633351671862583e-05,2672,,,,,,,,,,,,,
,,2672,0.0006454932736232877,3,,,,,,,,,,,
1.6828657008374597e-05,1.6828657008374597e-05,2753,,,,,,,,,,,,,
1.6828657008374597e-05,1.6828657008374597e-05,2753,,,,,,,,,,,,,
,,2753,0.0006998692988418043,3,,,,,,,,,,,
1.732379729812336e-05,1.732379729812336e-05,2834,,,,,,,,,,,,,
1.732379729812336e-05,1.732379729812336e-05,2834,,,,,,,,,,,,,
,,2834,0.0006706907879561186,3,,,,,,,,,,,
1.781893758787212e-05,1.781893758787212e-05,2915,,,,,,,,,,,,,
1.781893758787212e-05,1.781893758787212e-05,2915,,,,,,,,,,,,,
,,2915,0.0006240687798708677,3,,,,,,,,,,,
1.8314077877620884e-05,1.8314077877620884e-05,2996,,,,,,,,,,,,,
1.8314077877620884e-05,1.8314077877620884e-05,2996,,,,,,,,,,,,,
,,2996,0.0006878093117848039,3,,,,,,,,,,,
1.8809218167369643e-05,1.8809218167369643e-05,3077,,,,,,,,,,,,,
1.8809218167369643e-05,1.8809218167369643e-05,3077,,,,,,,,,,,,,
,,3077,0.0006747235311195254,3,,,,,,,,,,,
1.9304358457118406e-05,1.9304358457118406e-05,3158,,,,,,,,,,,,,
1.9304358457118406e-05,1.9304358457118406e-05,3158,,,,,,,,,,,,,
,,3158,0.0006891645607538521,3,,,,,,,,,,,
1.9799498746867168e-05,1.9799498746867168e-05,3239,,,,,,,,,,,,,
1.9799498746867168e-05,1.9799498746867168e-05,3239,,,,,,,,,,,,,
,,3239,0.0006502773030661047,3,,,,,,,,,,,
2.029463903661593e-05,2.029463903661593e-05,3320,,,,,,,,,,,,,
2.029463903661593e-05,2.029463903661593e-05,3320,,,,,,,,,,,,,
,,3320,0.0005808969726786017,4,,,,,,,,,,,
2.0789779326364696e-05,2.0789779326364696e-05,3401,,,,,,,,,,,,,
2.0789779326364696e-05,2.0789779326364696e-05,3401,,,,,,,,,,,,,
,,3401,0.0005514914519153535,4,,,,,,,,,,,
2.1284919616113455e-05,2.1284919616113455e-05,3482,,,,,,,,,,,,,
2.1284919616113455e-05,2.1284919616113455e-05,3482,,,,,,,,,,,,,
,,3482,0.0005564436432905495,4,,,,,,,,,,,
2.1780059905862217e-05,2.1780059905862217e-05,3563,,,,,,,,,,,,,
2.1780059905862217e-05,2.1780059905862217e-05,3563,,,,,,,,,,,,,
,,3563,0.0006236329209059477,4,,,,,,,,,,,
2.227520019561098e-05,2.227520019561098e-05,3644,,,,,,,,,,,,,
2.227520019561098e-05,2.227520019561098e-05,3644,,,,,,,,,,,,,
,,3644,0.000594055512920022,4,,,,,,,,,,,
2.2770340485359742e-05,2.2770340485359742e-05,3725,,,,,,,,,,,,,
2.2770340485359742e-05,2.2770340485359742e-05,3725,,,,,,,,,,,,,
,,3725,0.0007086999248713255,4,,,,,,,,,,,
2.3265480775108505e-05,2.3265480775108505e-05,3806,,,,,,,,,,,,,
2.3265480775108505e-05,2.3265480775108505e-05,3806,,,,,,,,,,,,,
,,3806,0.0005645295605063438,4,,,,,,,,,,,
2.3760621064857267e-05,2.3760621064857267e-05,3887,,,,,,,,,,,,,
2.3760621064857267e-05,2.3760621064857267e-05,3887,,,,,,,,,,,,,
,,3887,0.0005604588659480214,4,,,,,,,,,,,
2.425576135460603e-05,2.425576135460603e-05,3968,,,,,,,,,,,,,
2.425576135460603e-05,2.425576135460603e-05,3968,,,,,,,,,,,,,
,,3968,0.0006001873407512903,4,,,,,,,,,,,
2.4750901644354792e-05,2.4750901644354792e-05,4049,,,,,,,,,,,,,
2.4750901644354792e-05,2.4750901644354792e-05,4049,,,,,,,,,,,,,
,,4049,0.00048549773055128753,4,,,,,,,,,,,
,,4089,,4,-0.013937918469309807,0.0003590275882743299,0.01322263665497303,0.013937918469309807,-0.36187130212783813,0.7534353733062744,,,,,
2.5246041934103554e-05,2.5246041934103554e-05,4130,,,,,,,,,,,,,
2.5246041934103554e-05,2.5246041934103554e-05,4130,,,,,,,,,,,,,
,,4130,0.0005085967131890357,5,,,,,,,,,,,
2.5741182223852316e-05,2.5741182223852316e-05,4211,,,,,,,,,,,,,
2.5741182223852316e-05,2.5741182223852316e-05,4211,,,,,,,,,,,,,
,,4211,0.0005671503022313118,5,,,,,,,,,,,
2.6236322513601075e-05,2.6236322513601075e-05,4292,,,,,,,,,,,,,
2.6236322513601075e-05,2.6236322513601075e-05,4292,,,,,,,,,,,,,
,,4292,0.0004446319944690913,5,,,,,,,,,,,
2.6731462803349838e-05,2.6731462803349838e-05,4373,,,,,,,,,,,,,
2.6731462803349838e-05,2.6731462803349838e-05,4373,,,,,,,,,,,,,
,,4373,0.0005226865177974105,5,,,,,,,,,,,
2.72266030930986e-05,2.72266030930986e-05,4454,,,,,,,,,,,,,
2.72266030930986e-05,2.72266030930986e-05,4454,,,,,,,,,,,,,
,,4454,0.0004975436604581773,5,,,,,,,,,,,
2.7721743382847366e-05,2.7721743382847366e-05,4535,,,,,,,,,,,,,
2.7721743382847366e-05,2.7721743382847366e-05,4535,,,,,,,,,,,,,
,,4535,0.0005220756866037846,5,,,,,,,,,,,
2.8216883672596128e-05,2.8216883672596128e-05,4616,,,,,,,,,,,,,
2.8216883672596128e-05,2.8216883672596128e-05,4616,,,,,,,,,,,,,
,,4616,0.0005124423187226057,5,,,,,,,,,,,
2.8712023962344887e-05,2.8712023962344887e-05,4697,,,,,,,,,,,,,
2.8712023962344887e-05,2.8712023962344887e-05,4697,,,,,,,,,,,,,
,,4697,0.0005063139251433313,5,,,,,,,,,,,
2.920716425209365e-05,2.920716425209365e-05,4778,,,,,,,,,,,,,
2.920716425209365e-05,2.920716425209365e-05,4778,,,,,,,,,,,,,
,,4778,0.0005009304150007665,5,,,,,,,,,,,
2.9702304541842412e-05,2.9702304541842412e-05,4859,,,,,,,,,,,,,
2.9702304541842412e-05,2.9702304541842412e-05,4859,,,,,,,,,,,,,
,,4859,0.00048422053805552423,5,,,,,,,,,,,
3.0197444831591178e-05,3.0197444831591178e-05,4940,,,,,,,,,,,,,
3.0197444831591178e-05,3.0197444831591178e-05,4940,,,,,,,,,,,,,
,,4940,0.0004576501087285578,6,,,,,,,,,,,
3.069258512133993e-05,3.069258512133993e-05,5021,,,,,,,,,,,,,
3.069258512133993e-05,3.069258512133993e-05,5021,,,,,,,,,,,,,
,,5021,0.0005906762089580297,6,,,,,,,,,,,
3.11877254110887e-05,3.11877254110887e-05,5102,,,,,,,,,,,,,
3.11877254110887e-05,3.11877254110887e-05,5102,,,,,,,,,,,,,
,,5102,0.0004965048283338547,6,,,,,,,,,,,
3.168286570083746e-05,3.168286570083746e-05,5183,,,,,,,,,,,,,
3.168286570083746e-05,3.168286570083746e-05,5183,,,,,,,,,,,,,
,,5183,0.0005439259693957865,6,,,,,,,,,,,
3.2178005990586224e-05,3.2178005990586224e-05,5264,,,,,,,,,,,,,
3.2178005990586224e-05,3.2178005990586224e-05,5264,,,,,,,,,,,,,
,,5264,0.0005075946100987494,6,,,,,,,,,,,
3.267314628033499e-05,3.267314628033499e-05,5345,,,,,,,,,,,,,
3.267314628033499e-05,3.267314628033499e-05,5345,,,,,,,,,,,,,
,,5345,0.00041779488674364984,6,,,,,,,,,,,
3.316828657008375e-05,3.316828657008375e-05,5426,,,,,,,,,,,,,
3.316828657008375e-05,3.316828657008375e-05,5426,,,,,,,,,,,,,
,,5426,0.0004883373039774597,6,,,,,,,,,,,
3.366342685983251e-05,3.366342685983251e-05,5507,,,,,,,,,,,,,
3.366342685983251e-05,3.366342685983251e-05,5507,,,,,,,,,,,,,
,,5507,0.0004898993065580726,6,,,,,,,,,,,
3.415856714958127e-05,3.415856714958127e-05,5588,,,,,,,,,,,,,
3.415856714958127e-05,3.415856714958127e-05,5588,,,,,,,,,,,,,
,,5588,0.0005462307017296553,6,,,,,,,,,,,
3.465370743933003e-05,3.465370743933003e-05,5669,,,,,,,,,,,,,
3.465370743933003e-05,3.465370743933003e-05,5669,,,,,,,,,,,,,
,,5669,0.00040542284841649234,6,,,,,,,,,,,
3.51488477290788e-05,3.51488477290788e-05,5750,,,,,,,,,,,,,
3.51488477290788e-05,3.51488477290788e-05,5750,,,,,,,,,,,,,
,,5750,0.0004561202949844301,7,,,,,,,,,,,
3.564398801882756e-05,3.564398801882756e-05,5831,,,,,,,,,,,,,
3.564398801882756e-05,3.564398801882756e-05,5831,,,,,,,,,,,,,
,,5831,0.0005455092759802938,7,,,,,,,,,,,
3.613912830857632e-05,3.613912830857632e-05,5912,,,,,,,,,,,,,
3.613912830857632e-05,3.613912830857632e-05,5912,,,,,,,,,,,,,
,,5912,0.00046006208867765963,7,,,,,,,,,,,
3.663426859832508e-05,3.663426859832508e-05,5993,,,,,,,,,,,,,
3.663426859832508e-05,3.663426859832508e-05,5993,,,,,,,,,,,,,
,,5993,0.0005033988854847848,7,,,,,,,,,,,
3.712940888807385e-05,3.712940888807385e-05,6074,,,,,,,,,,,,,
3.712940888807385e-05,3.712940888807385e-05,6074,,,,,,,,,,,,,
,,6074,0.00048466259613633156,7,,,,,,,,,,,
3.7624549177822607e-05,3.7624549177822607e-05,6155,,,,,,,,,,,,,
3.7624549177822607e-05,3.7624549177822607e-05,6155,,,,,,,,,,,,,
,,6155,0.0005057372036390007,7,,,,,,,,,,,
3.8119689467571366e-05,3.8119689467571366e-05,6236,,,,,,,,,,,,,
3.8119689467571366e-05,3.8119689467571366e-05,6236,,,,,,,,,,,,,
,,6236,0.0004527434357441962,7,,,,,,,,,,,
3.861482975732013e-05,3.861482975732013e-05,6317,,,,,,,,,,,,,
3.861482975732013e-05,3.861482975732013e-05,6317,,,,,,,,,,,,,
,,6317,0.0004607901209965348,7,,,,,,,,,,,
3.91099700470689e-05,3.91099700470689e-05,6398,,,,,,,,,,,,,
3.91099700470689e-05,3.91099700470689e-05,6398,,,,,,,,,,,,,
,,6398,0.0004788243677467108,7,,,,,,,,,,,
3.9605110336817656e-05,3.9605110336817656e-05,6479,,,,,,,,,,,,,
3.9605110336817656e-05,3.9605110336817656e-05,6479,,,,,,,,,,,,,
,,6479,0.0004094272153452039,7,,,,,,,,,,,
4.0100250626566415e-05,4.0100250626566415e-05,6560,,,,,,,,,,,,,
4.0100250626566415e-05,4.0100250626566415e-05,6560,,,,,,,,,,,,,
,,6560,0.0005320309428498149,8,,,,,,,,,,,
4.059539091631518e-05,4.059539091631518e-05,6641,,,,,,,,,,,,,
4.059539091631518e-05,4.059539091631518e-05,6641,,,,,,,,,,,,,
,,6641,0.00043082688353024423,8,,,,,,,,,,,
4.109053120606394e-05,4.109053120606394e-05,6722,,,,,,,,,,,,,
4.109053120606394e-05,4.109053120606394e-05,6722,,,,,,,,,,,,,
,,6722,0.00044505903497338295,8,,,,,,,,,,,
4.1585671495812706e-05,4.1585671495812706e-05,6803,,,,,,,,,,,,,
4.1585671495812706e-05,4.1585671495812706e-05,6803,,,,,,,,,,,,,
,,6803,0.00048819941002875566,8,,,,,,,,,,,
4.208081178556147e-05,4.208081178556147e-05,6884,,,,,,,,,,,,,
4.208081178556147e-05,4.208081178556147e-05,6884,,,,,,,,,,,,,
,,6884,0.0004395044525153935,8,,,,,,,,,,,
4.257595207531023e-05,4.257595207531023e-05,6965,,,,,,,,,,,,,
4.257595207531023e-05,4.257595207531023e-05,6965,,,,,,,,,,,,,
,,6965,0.0005137312691658735,8,,,,,,,,,,,
4.307109236505899e-05,4.307109236505899e-05,7046,,,,,,,,,,,,,
4.307109236505899e-05,4.307109236505899e-05,7046,,,,,,,,,,,,,
,,7046,0.0005058867973275483,8,,,,,,,,,,,
4.3566232654807755e-05,4.3566232654807755e-05,7127,,,,,,,,,,,,,
4.3566232654807755e-05,4.3566232654807755e-05,7127,,,,,,,,,,,,,
,,7127,0.00047274239477701485,8,,,,,,,,,,,
4.4061372944556514e-05,4.4061372944556514e-05,7208,,,,,,,,,,,,,
4.4061372944556514e-05,4.4061372944556514e-05,7208,,,,,,,,,,,,,
,,7208,0.0004523340903688222,8,,,,,,,,,,,
4.455651323430527e-05,4.455651323430527e-05,7289,,,,,,,,,,,,,
4.455651323430527e-05,4.455651323430527e-05,7289,,,,,,,,,,,,,
,,7289,0.0005468379822559655,8,,,,,,,,,,,
4.505165352405404e-05,4.505165352405404e-05,7370,,,,,,,,,,,,,
4.505165352405404e-05,4.505165352405404e-05,7370,,,,,,,,,,,,,
,,7370,0.0004660713893827051,9,,,,,,,,,,,
4.5546793813802804e-05,4.5546793813802804e-05,7451,,,,,,,,,,,,,
4.5546793813802804e-05,4.5546793813802804e-05,7451,,,,,,,,,,,,,
,,7451,0.0004260693385731429,9,,,,,,,,,,,
4.6041934103551563e-05,4.6041934103551563e-05,7532,,,,,,,,,,,,,
4.6041934103551563e-05,4.6041934103551563e-05,7532,,,,,,,,,,,,,
,,7532,0.00046967368689365685,9,,,,,,,,,,,
4.653707439330033e-05,4.653707439330033e-05,7613,,,,,,,,,,,,,
4.653707439330033e-05,4.653707439330033e-05,7613,,,,,,,,,,,,,
,,7613,0.00044716428965330124,9,,,,,,,,,,,
4.703221468304909e-05,4.703221468304909e-05,7694,,,,,,,,,,,,,
4.703221468304909e-05,4.703221468304909e-05,7694,,,,,,,,,,,,,
,,7694,0.000519009365234524,9,,,,,,,,,,,
4.752735497279785e-05,4.752735497279785e-05,7775,,,,,,,,,,,,,
4.752735497279785e-05,4.752735497279785e-05,7775,,,,,,,,,,,,,
,,7775,0.0005410794401541352,9,,,,,,,,,,,
4.802249526254661e-05,4.802249526254661e-05,7856,,,,,,,,,,,,,
4.802249526254661e-05,4.802249526254661e-05,7856,,,,,,,,,,,,,
,,7856,0.00042367554851807654,9,,,,,,,,,,,
4.851763555229538e-05,4.851763555229538e-05,7937,,,,,,,,,,,,,
4.851763555229538e-05,4.851763555229538e-05,7937,,,,,,,,,,,,,
,,7937,0.00044505271944217384,9,,,,,,,,,,,
4.901277584204414e-05,4.901277584204414e-05,8018,,,,,,,,,,,,,
4.901277584204414e-05,4.901277584204414e-05,8018,,,,,,,,,,,,,
,,8018,0.00044576189247891307,9,,,,,,,,,,,
4.95079161317929e-05,4.95079161317929e-05,8099,,,,,,,,,,,,,
4.95079161317929e-05,4.95079161317929e-05,8099,,,,,,,,,,,,,
,,8099,0.000425239879405126,9,,,,,,,,,,,
,,8179,,9,-0.4152217507362366,0.00032054775510914624,0.01244322955608368,0.4152217507362366,0.8991841673851013,0.661025881767273,,,,,
5.000305642154166e-05,5.000305642154166e-05,8180,,,,,,,,,,,,,
5.000305642154166e-05,5.000305642154166e-05,8180,,,,,,,,,,,,,
,,8180,0.0003966711519751698,10,,,,,,,,,,,
5.049819671129042e-05,5.049819671129042e-05,8261,,,,,,,,,,,,,
5.049819671129042e-05,5.049819671129042e-05,8261,,,,,,,,,,,,,
,,8261,0.0003945511416532099,10,,,,,,,,,,,
5.099333700103919e-05,5.099333700103919e-05,8342,,,,,,,,,,,,,
5.099333700103919e-05,5.099333700103919e-05,8342,,,,,,,,,,,,,
,,8342,0.0004933511954732239,10,,,,,,,,,,,
5.148847729078795e-05,5.148847729078795e-05,8423,,,,,,,,,,,,,
5.148847729078795e-05,5.148847729078795e-05,8423,,,,,,,,,,,,,
,,8423,0.00047829109826125205,10,,,,,,,,,,,
5.198361758053671e-05,5.198361758053671e-05,8504,,,,,,,,,,,,,
5.198361758053671e-05,5.198361758053671e-05,8504,,,,,,,,,,,,,
,,8504,0.0004085110267624259,10,,,,,,,,,,,
5.247875787028548e-05,5.247875787028548e-05,8585,,,,,,,,,,,,,
5.247875787028548e-05,5.247875787028548e-05,8585,,,,,,,,,,,,,
,,8585,0.00047754525439813733,10,,,,,,,,,,,
5.297389816003423e-05,5.297389816003423e-05,8666,,,,,,,,,,,,,
5.297389816003423e-05,5.297389816003423e-05,8666,,,,,,,,,,,,,
,,8666,0.0003967790980823338,10,,,,,,,,,,,
5.3469038449782996e-05,5.3469038449782996e-05,8747,,,,,,,,,,,,,
5.3469038449782996e-05,5.3469038449782996e-05,8747,,,,,,,,,,,,,
,,8747,0.0004212766361888498,10,,,,,,,,,,,
5.3964178739531755e-05,5.3964178739531755e-05,8828,,,,,,,,,,,,,
5.3964178739531755e-05,5.3964178739531755e-05,8828,,,,,,,,,,,,,
,,8828,0.00039520655991509557,10,,,,,,,,,,,
5.445931902928052e-05,5.445931902928052e-05,8909,,,,,,,,,,,,,
5.445931902928052e-05,5.445931902928052e-05,8909,,,,,,,,,,,,,
,,8909,0.0004462308424990624,10,,,,,,,,,,,
5.4954459319029286e-05,5.4954459319029286e-05,8990,,,,,,,,,,,,,
5.4954459319029286e-05,5.4954459319029286e-05,8990,,,,,,,,,,,,,
,,8990,0.0004030176787637174,10,,,,,,,,,,,
5.5449599608778045e-05,5.5449599608778045e-05,9071,,,,,,,,,,,,,
5.5449599608778045e-05,5.5449599608778045e-05,9071,,,,,,,,,,,,,
,,9071,0.00042261634371243417,11,,,,,,,,,,,
5.594473989852681e-05,5.594473989852681e-05,9152,,,,,,,,,,,,,
5.594473989852681e-05,5.594473989852681e-05,9152,,,,,,,,,,,,,
,,9152,0.0003897188580594957,11,,,,,,,,,,,
5.6439880188275577e-05,5.6439880188275577e-05,9233,,,,,,,,,,,,,
5.6439880188275577e-05,5.6439880188275577e-05,9233,,,,,,,,,,,,,
,,9233,0.00044653762597590685,11,,,,,,,,,,,
5.6935020478024336e-05,5.6935020478024336e-05,9314,,,,,,,,,,,,,
5.6935020478024336e-05,5.6935020478024336e-05,9314,,,,,,,,,,,,,
,,9314,0.00040380575228482485,11,,,,,,,,,,,
5.743016076777309e-05,5.743016076777309e-05,9395,,,,,,,,,,,,,
5.743016076777309e-05,5.743016076777309e-05,9395,,,,,,,,,,,,,
,,9395,0.00044615473598241806,11,,,,,,,,,,,
5.7925301057521854e-05,5.7925301057521854e-05,9476,,,,,,,,,,,,,
5.7925301057521854e-05,5.7925301057521854e-05,9476,,,,,,,,,,,,,
,,9476,0.000421905773691833,11,,,,,,,,,,,
5.842044134727061e-05,5.842044134727061e-05,9557,,,,,,,,,,,,,
5.842044134727061e-05,5.842044134727061e-05,9557,,,,,,,,,,,,,
,,9557,0.0004385256615933031,11,,,,,,,,,,,
5.891558163701938e-05,5.891558163701938e-05,9638,,,,,,,,,,,,,
5.891558163701938e-05,5.891558163701938e-05,9638,,,,,,,,,,,,,
,,9638,0.00042499322444200516,11,,,,,,,,,,,
5.9410721926768144e-05,5.9410721926768144e-05,9719,,,,,,,,,,,,,
5.9410721926768144e-05,5.9410721926768144e-05,9719,,,,,,,,,,,,,
,,9719,0.00043143329094164073,11,,,,,,,,,,,
5.99058622165169e-05,5.99058622165169e-05,9800,,,,,,,,,,,,,
5.99058622165169e-05,5.99058622165169e-05,9800,,,,,,,,,,,,,
,,9800,0.00042002106783911586,11,,,,,,,,,,,
6.040100250626567e-05,6.040100250626567e-05,9881,,,,,,,,,,,,,
6.040100250626567e-05,6.040100250626567e-05,9881,,,,,,,,,,,,,
,,9881,0.0004253324877936393,12,,,,,,,,,,,
6.0896142796014435e-05,6.0896142796014435e-05,9962,,,,,,,,,,,,,
6.0896142796014435e-05,6.0896142796014435e-05,9962,,,,,,,,,,,,,
,,9962,0.0003720611857715994,12,,,,,,,,,,,
6.13912830857632e-05,6.13912830857632e-05,10043,,,,,,,,,,,,,
6.13912830857632e-05,6.13912830857632e-05,10043,,,,,,,,,,,,,
,,10043,0.00045664783101528883,12,,,,,,,,,,,
6.188642337551195e-05,6.188642337551195e-05,10124,,,,,,,,,,,,,
6.188642337551195e-05,6.188642337551195e-05,10124,,,,,,,,,,,,,
,,10124,0.0004174602509010583,12,,,,,,,,,,,
6.238156366526072e-05,6.238156366526072e-05,10205,,,,,,,,,,,,,
6.238156366526072e-05,6.238156366526072e-05,10205,,,,,,,,,,,,,
,,10205,0.00043418342829681933,12,,,,,,,,,,,
6.287670395500948e-05,6.287670395500948e-05,10286,,,,,,,,,,,,,
6.287670395500948e-05,6.287670395500948e-05,10286,,,,,,,,,,,,,
,,10286,0.00041515842895023525,12,,,,,,,,,,,
6.337184424475824e-05,6.337184424475824e-05,10367,,,,,,,,,,,,,
6.337184424475824e-05,6.337184424475824e-05,10367,,,,,,,,,,,,,
,,10367,0.00045210125972516835,12,,,,,,,,,,,
6.3866984534507e-05,6.3866984534507e-05,10448,,,,,,,,,,,,,
6.3866984534507e-05,6.3866984534507e-05,10448,,,,,,,,,,,,,
,,10448,0.0004086103872396052,12,,,,,,,,,,,
6.436212482425577e-05,6.436212482425577e-05,10529,,,,,,,,,,,,,
6.436212482425577e-05,6.436212482425577e-05,10529,,,,,,,,,,,,,
,,10529,0.0003952329570893198,12,,,,,,,,,,,
6.485726511400453e-05,6.485726511400453e-05,10610,,,,,,,,,,,,,
6.485726511400453e-05,6.485726511400453e-05,10610,,,,,,,,,,,,,
,,10610,0.0003819602425210178,12,,,,,,,,,,,
6.535240540375329e-05,6.535240540375329e-05,10691,,,,,,,,,,,,,
6.535240540375329e-05,6.535240540375329e-05,10691,,,,,,,,,,,,,
,,10691,0.0004008013929706067,13,,,,,,,,,,,
6.584754569350206e-05,6.584754569350206e-05,10772,,,,,,,,,,,,,
6.584754569350206e-05,6.584754569350206e-05,10772,,,,,,,,,,,,,
,,10772,0.00037136892206035554,13,,,,,,,,,,,
6.634268598325082e-05,6.634268598325082e-05,10853,,,,,,,,,,,,,
6.634268598325082e-05,6.634268598325082e-05,10853,,,,,,,,,,,,,
,,10853,0.00044626634917221963,13,,,,,,,,,,,
6.683782627299958e-05,6.683782627299958e-05,10934,,,,,,,,,,,,,
6.683782627299958e-05,6.683782627299958e-05,10934,,,,,,,,,,,,,
,,10934,0.0003879712021443993,13,,,,,,,,,,,
6.733296656274834e-05,6.733296656274834e-05,11015,,,,,,,,,,,,,
6.733296656274834e-05,6.733296656274834e-05,11015,,,,,,,,,,,,,
,,11015,0.00041586157749406993,13,,,,,,,,,,,
6.78281068524971e-05,6.78281068524971e-05,11096,,,,,,,,,,,,,
6.78281068524971e-05,6.78281068524971e-05,11096,,,,,,,,,,,,,
,,11096,0.0004131342575419694,13,,,,,,,,,,,
6.832324714224587e-05,6.832324714224587e-05,11177,,,,,,,,,,,,,
6.832324714224587e-05,6.832324714224587e-05,11177,,,,,,,,,,,,,
,,11177,0.0004196125955786556,13,,,,,,,,,,,
6.881838743199463e-05,6.881838743199463e-05,11258,,,,,,,,,,,,,
6.881838743199463e-05,6.881838743199463e-05,11258,,,,,,,,,,,,,
,,11258,0.00044705590698868036,13,,,,,,,,,,,
6.931352772174338e-05,6.931352772174338e-05,11339,,,,,,,,,,,,,
6.931352772174338e-05,6.931352772174338e-05,11339,,,,,,,,,,,,,
,,11339,0.0004284840833861381,13,,,,,,,,,,,
6.980866801149216e-05,6.980866801149216e-05,11420,,,,,,,,,,,,,
6.980866801149216e-05,6.980866801149216e-05,11420,,,,,,,,,,,,,
,,11420,0.000387471605790779,13,,,,,,,,,,,
7.030380830124092e-05,7.030380830124092e-05,11501,,,,,,,,,,,,,
7.030380830124092e-05,7.030380830124092e-05,11501,,,,,,,,,,,,,
,,11501,0.00036665849620476365,14,,,,,,,,,,,
7.079894859098968e-05,7.079894859098968e-05,11582,,,,,,,,,,,,,
7.079894859098968e-05,7.079894859098968e-05,11582,,,,,,,,,,,,,
,,11582,0.0004606759757734835,14,,,,,,,,,,,
7.129408888073843e-05,7.129408888073843e-05,11663,,,,,,,,,,,,,
7.129408888073843e-05,7.129408888073843e-05,11663,,,,,,,,,,,,,
,,11663,0.00038310274248942733,14,,,,,,,,,,,
7.178922917048719e-05,7.178922917048719e-05,11744,,,,,,,,,,,,,
7.178922917048719e-05,7.178922917048719e-05,11744,,,,,,,,,,,,,
,,11744,0.0004193582572042942,14,,,,,,,,,,,
7.228436946023595e-05,7.228436946023595e-05,11825,,,,,,,,,,,,,
7.228436946023595e-05,7.228436946023595e-05,11825,,,,,,,,,,,,,
,,11825,0.0003932860854547471,14,,,,,,,,,,,
7.277950974998472e-05,7.277950974998472e-05,11906,,,,,,,,,,,,,
7.277950974998472e-05,7.277950974998472e-05,11906,,,,,,,,,,,,,
,,11906,0.00039152693352662027,14,,,,,,,,,,,
7.327465003973348e-05,7.327465003973348e-05,11987,,,,,,,,,,,,,
7.327465003973348e-05,7.327465003973348e-05,11987,,,,,,,,,,,,,
,,11987,0.00037765922024846077,14,,,,,,,,,,,
7.376979032948224e-05,7.376979032948224e-05,12068,,,,,,,,,,,,,
7.376979032948224e-05,7.376979032948224e-05,12068,,,,,,,,,,,,,
,,12068,0.0003787935711443424,14,,,,,,,,,,,
7.426493061923102e-05,7.426493061923102e-05,12149,,,,,,,,,,,,,
7.426493061923102e-05,7.426493061923102e-05,12149,,,,,,,,,,,,,
,,12149,0.0003687753633130342,14,,,,,,,,,,,
7.476007090897977e-05,7.476007090897977e-05,12230,,,,,,,,,,,,,
7.476007090897977e-05,7.476007090897977e-05,12230,,,,,,,,,,,,,
,,12230,0.0004294059472158551,14,,,,,,,,,,,
,,12269,,14,-0.6181843280792236,0.0002873321354854852,0.011624571867287159,0.6181843280792236,1.777329444885254,0.5404574871063232,,,,,
7.525521119872853e-05,7.525521119872853e-05,12311,,,,,,,,,,,,,
7.525521119872853e-05,7.525521119872853e-05,12311,,,,,,,,,,,,,
,,12311,0.0003913475666195154,15,,,,,,,,,,,
7.575035148847729e-05,7.575035148847729e-05,12392,,,,,,,,,,,,,
7.575035148847729e-05,7.575035148847729e-05,12392,,,,,,,,,,,,,
,,12392,0.0003382135182619095,15,,,,,,,,,,,
7.624549177822605e-05,7.624549177822605e-05,12473,,,,,,,,,,,,,
7.624549177822605e-05,7.624549177822605e-05,12473,,,,,,,,,,,,,
,,12473,0.00037819313001818955,15,,,,,,,,,,,
7.674063206797481e-05,7.674063206797481e-05,12554,,,,,,,,,,,,,
7.674063206797481e-05,7.674063206797481e-05,12554,,,,,,,,,,,,,
,,12554,0.00041467705159448087,15,,,,,,,,,,,
7.723577235772358e-05,7.723577235772358e-05,12635,,,,,,,,,,,,,
7.723577235772358e-05,7.723577235772358e-05,12635,,,,,,,,,,,,,
,,12635,0.000397113268263638,15,,,,,,,,,,,
7.773091264747234e-05,7.773091264747234e-05,12716,,,,,,,,,,,,,
7.773091264747234e-05,7.773091264747234e-05,12716,,,,,,,,,,,,,
,,12716,0.0003564459620974958,15,,,,,,,,,,,
7.82260529372211e-05,7.82260529372211e-05,12797,,,,,,,,,,,,,
7.82260529372211e-05,7.82260529372211e-05,12797,,,,,,,,,,,,,
,,12797,0.0003906040219590068,15,,,,,,,,,,,
7.872119322696987e-05,7.872119322696987e-05,12878,,,,,,,,,,,,,
7.872119322696987e-05,7.872119322696987e-05,12878,,,,,,,,,,,,,
,,12878,0.0003899770090356469,15,,,,,,,,,,,
7.921633351671863e-05,7.921633351671863e-05,12959,,,,,,,,,,,,,
7.921633351671863e-05,7.921633351671863e-05,12959,,,,,,,,,,,,,
,,12959,0.0003853344824165106,15,,,,,,,,,,,
7.971147380646739e-05,7.971147380646739e-05,13040,,,,,,,,,,,,,
7.971147380646739e-05,7.971147380646739e-05,13040,,,,,,,,,,,,,
,,13040,0.0003818793047685176,15,,,,,,,,,,,
8.020661409621616e-05,8.020661409621616e-05,13121,,,,,,,,,,,,,
8.020661409621616e-05,8.020661409621616e-05,13121,,,,,,,,,,,,,
,,13121,0.00039436074439436197,16,,,,,,,,,,,
8.070175438596491e-05,8.070175438596491e-05,13202,,,,,,,,,,,,,
8.070175438596491e-05,8.070175438596491e-05,13202,,,,,,,,,,,,,
,,13202,0.00037622739910148084,16,,,,,,,,,,,
8.119689467571368e-05,8.119689467571368e-05,13283,,,,,,,,,,,,,
8.119689467571368e-05,8.119689467571368e-05,13283,,,,,,,,,,,,,
,,13283,0.0004552855098154396,16,,,,,,,,,,,
8.169203496546244e-05,8.169203496546244e-05,13364,,,,,,,,,,,,,
8.169203496546244e-05,8.169203496546244e-05,13364,,,,,,,,,,,,,
,,13364,0.00044864093069918454,16,,,,,,,,,,,
8.21871752552112e-05,8.21871752552112e-05,13445,,,,,,,,,,,,,
8.21871752552112e-05,8.21871752552112e-05,13445,,,,,,,,,,,,,
,,13445,0.00040988667751662433,16,,,,,,,,,,,
8.268231554495996e-05,8.268231554495996e-05,13526,,,,,,,,,,,,,
8.268231554495996e-05,8.268231554495996e-05,13526,,,,,,,,,,,,,
,,13526,0.0003832383663393557,16,,,,,,,,,,,
8.317745583470873e-05,8.317745583470873e-05,13607,,,,,,,,,,,,,
8.317745583470873e-05,8.317745583470873e-05,13607,,,,,,,,,,,,,
,,13607,0.0003966607037000358,16,,,,,,,,,,,
8.367259612445749e-05,8.367259612445749e-05,13688,,,,,,,,,,,,,
8.367259612445749e-05,8.367259612445749e-05,13688,,,,,,,,,,,,,
,,13688,0.0003874527756124735,16,,,,,,,,,,,
8.416773641420625e-05,8.416773641420625e-05,13769,,,,,,,,,,,,,
8.416773641420625e-05,8.416773641420625e-05,13769,,,,,,,,,,,,,
,,13769,0.00039068085607141256,16,,,,,,,,,,,
8.466287670395502e-05,8.466287670395502e-05,13850,,,,,,,,,,,,,
8.466287670395502e-05,8.466287670395502e-05,13850,,,,,,,,,,,,,
,,13850,0.00035946728894487023,16,,,,,,,,,,,
8.515801699370377e-05,8.515801699370377e-05,13931,,,,,,,,,,,,,
8.515801699370377e-05,8.515801699370377e-05,13931,,,,,,,,,,,,,
,,13931,0.00038468680577352643,17,,,,,,,,,,,
8.565315728345254e-05,8.565315728345254e-05,14012,,,,,,,,,,,,,
8.565315728345254e-05,8.565315728345254e-05,14012,,,,,,,,,,,,,
,,14012,0.0003613975422922522,17,,,,,,,,,,,
8.61482975732013e-05,8.61482975732013e-05,14093,,,,,,,,,,,,,
8.61482975732013e-05,8.61482975732013e-05,14093,,,,,,,,,,,,,
,,14093,0.00037797383265569806,17,,,,,,,,,,,
8.664343786295006e-05,8.664343786295006e-05,14174,,,,,,,,,,,,,
8.664343786295006e-05,8.664343786295006e-05,14174,,,,,,,,,,,,,
,,14174,0.00037820328725501895,17,,,,,,,,,,,
8.713857815269883e-05,8.713857815269883e-05,14255,,,,,,,,,,,,,
8.713857815269883e-05,8.713857815269883e-05,14255,,,,,,,,,,,,,
,,14255,0.0003955430001951754,17,,,,,,,,,,,
8.763371844244759e-05,8.763371844244759e-05,14336,,,,,,,,,,,,,
8.763371844244759e-05,8.763371844244759e-05,14336,,,,,,,,,,,,,
,,14336,0.0003998596512246877,17,,,,,,,,,,,
8.812885873219635e-05,8.812885873219635e-05,14417,,,,,,,,,,,,,
8.812885873219635e-05,8.812885873219635e-05,14417,,,,,,,,,,,,,
,,14417,0.00041521326056681573,17,,,,,,,,,,,
8.862399902194512e-05,8.862399902194512e-05,14498,,,,,,,,,,,,,
8.862399902194512e-05,8.862399902194512e-05,14498,,,,,,,,,,,,,
,,14498,0.00038332969415932894,17,,,,,,,,,,,
8.911913931169388e-05,8.911913931169388e-05,14579,,,,,,,,,,,,,
8.911913931169388e-05,8.911913931169388e-05,14579,,,,,,,,,,,,,
,,14579,0.0003822130966000259,17,,,,,,,,,,,
8.961427960144262e-05,8.961427960144262e-05,14660,,,,,,,,,,,,,
8.961427960144262e-05,8.961427960144262e-05,14660,,,,,,,,,,,,,
,,14660,0.00038623373256996274,17,,,,,,,,,,,
9.01094198911914e-05,9.01094198911914e-05,14741,,,,,,,,,,,,,
9.01094198911914e-05,9.01094198911914e-05,14741,,,,,,,,,,,,,
,,14741,0.0003918606380466372,18,,,,,,,,,,,
9.060456018094016e-05,9.060456018094016e-05,14822,,,,,,,,,,,,,
9.060456018094016e-05,9.060456018094016e-05,14822,,,,,,,,,,,,,
,,14822,0.0003331812913529575,18,,,,,,,,,,,
9.109970047068892e-05,9.109970047068892e-05,14903,,,,,,,,,,,,,
9.109970047068892e-05,9.109970047068892e-05,14903,,,,,,,,,,,,,
,,14903,0.0003746560832951218,18,,,,,,,,,,,
9.159484076043769e-05,9.159484076043769e-05,14984,,,,,,,,,,,,,
9.159484076043769e-05,9.159484076043769e-05,14984,,,,,,,,,,,,,
,,14984,0.0003496790013741702,18,,,,,,,,,,,
9.208998105018645e-05,9.208998105018645e-05,15065,,,,,,,,,,,,,
9.208998105018645e-05,9.208998105018645e-05,15065,,,,,,,,,,,,,
,,15065,0.00036862917477265,18,,,,,,,,,,,
9.25851213399352e-05,9.25851213399352e-05,15146,,,,,,,,,,,,,
9.25851213399352e-05,9.25851213399352e-05,15146,,,,,,,,,,,,,
,,15146,0.00039692348218522966,18,,,,,,,,,,,
9.308026162968398e-05,9.308026162968398e-05,15227,,,,,,,,,,,,,
9.308026162968398e-05,9.308026162968398e-05,15227,,,,,,,,,,,,,
,,15227,0.000434164481703192,18,,,,,,,,,,,
9.357540191943274e-05,9.357540191943274e-05,15308,,,,,,,,,,,,,
9.357540191943274e-05,9.357540191943274e-05,15308,,,,,,,,,,,,,
,,15308,0.00038314404082484543,18,,,,,,,,,,,
9.40705422091815e-05,9.40705422091815e-05,15389,,,,,,,,,,,,,
9.40705422091815e-05,9.40705422091815e-05,15389,,,,,,,,,,,,,
,,15389,0.00033664071816019714,18,,,,,,,,,,,
9.456568249893026e-05,9.456568249893026e-05,15470,,,,,,,,,,,,,
9.456568249893026e-05,9.456568249893026e-05,15470,,,,,,,,,,,,,
,,15470,0.00036790993181057274,18,,,,,,,,,,,
9.506082278867901e-05,9.506082278867901e-05,15551,,,,,,,,,,,,,
9.506082278867901e-05,9.506082278867901e-05,15551,,,,,,,,,,,,,
,,15551,0.00035208117333240807,19,,,,,,,,,,,
9.555596307842777e-05,9.555596307842777e-05,15632,,,,,,,,,,,,,
9.555596307842777e-05,9.555596307842777e-05,15632,,,,,,,,,,,,,
,,15632,0.00041350192623212934,19,,,,,,,,,,,
9.605110336817655e-05,9.605110336817655e-05,15713,,,,,,,,,,,,,
9.605110336817655e-05,9.605110336817655e-05,15713,,,,,,,,,,,,,
,,15713,0.0003694830520544201,19,,,,,,,,,,,
9.65462436579253e-05,9.65462436579253e-05,15794,,,,,,,,,,,,,
9.65462436579253e-05,9.65462436579253e-05,15794,,,,,,,,,,,,,
,,15794,0.0003949760866817087,19,,,,,,,,,,,
9.704138394767406e-05,9.704138394767406e-05,15875,,,,,,,,,,,,,
9.704138394767406e-05,9.704138394767406e-05,15875,,,,,,,,,,,,,
,,15875,0.0004029921838082373,19,,,,,,,,,,,
9.753652423742284e-05,9.753652423742284e-05,15956,,,,,,,,,,,,,
9.753652423742284e-05,9.753652423742284e-05,15956,,,,,,,,,,,,,
,,15956,0.0004107661952730268,19,,,,,,,,,,,
9.80316645271716e-05,9.80316645271716e-05,16037,,,,,,,,,,,,,
9.80316645271716e-05,9.80316645271716e-05,16037,,,,,,,,,,,,,
,,16037,0.00041520828381180763,19,,,,,,,,,,,
9.852680481692035e-05,9.852680481692035e-05,16118,,,,,,,,,,,,,
9.852680481692035e-05,9.852680481692035e-05,16118,,,,,,,,,,,,,
,,16118,0.0003888053761329502,19,,,,,,,,,,,
9.902194510666911e-05,9.902194510666911e-05,16199,,,,,,,,,,,,,
9.902194510666911e-05,9.902194510666911e-05,16199,,,,,,,,,,,,,
,,16199,0.00036748149432241917,19,,,,,,,,,,,
9.951708539641787e-05,9.951708539641787e-05,16280,,,,,,,,,,,,,
9.951708539641787e-05,9.951708539641787e-05,16280,,,,,,,,,,,,,
,,16280,0.000422169454395771,19,,,,,,,,,,,
,,16359,,19,-0.642583429813385,0.00028153450693935156,0.011593133211135864,0.642583429813385,1.8661048412322998,0.5262637734413147,,,,,
9.999999976974002e-05,9.999999976974002e-05,16361,,,,,,,,,,,,,
9.999999976974002e-05,9.999999976974002e-05,16361,,,,,,,,,,,,,
,,16361,0.0003693418111652136,20,,,,,,,,,,,
9.999960343526531e-05,9.999960343526531e-05,16442,,,,,,,,,,,,,
9.999960343526531e-05,9.999960343526531e-05,16442,,,,,,,,,,,,,
,,16442,0.00039052910869941115,20,,,,,,,,,,,
9.999845173985805e-05,9.999845173985805e-05,16523,,,,,,,,,,,,,
9.999845173985805e-05,9.999845173985805e-05,16523,,,,,,,,,,,,,
,,16523,0.00039787881541997194,20,,,,,,,,,,,
9.999654470093493e-05,9.999654470093493e-05,16604,,,,,,,,,,,,,
9.999654470093493e-05,9.999654470093493e-05,16604,,,,,,,,,,,,,
,,16604,0.00037965920637361705,20,,,,,,,,,,,
9.999388234733492e-05,9.999388234733492e-05,16685,,,,,,,,,,,,,
9.999388234733492e-05,9.999388234733492e-05,16685,,,,,,,,,,,,,
,,16685,0.00038324587512761354,20,,,,,,,,,,,
9.999046471931939e-05,9.999046471931939e-05,16766,,,,,,,,,,,,,
9.999046471931939e-05,9.999046471931939e-05,16766,,,,,,,,,,,,,
,,16766,0.0004122800601180643,20,,,,,,,,,,,
9.998629186857144e-05,9.998629186857144e-05,16847,,,,,,,,,,,,,
9.998629186857144e-05,9.998629186857144e-05,16847,,,,,,,,,,,,,
,,16847,0.0003536149743013084,20,,,,,,,,,,,
9.998136385819464e-05,9.998136385819464e-05,16928,,,,,,,,,,,,,
9.998136385819464e-05,9.998136385819464e-05,16928,,,,,,,,,,,,,
,,16928,0.00034806286566890776,20,,,,,,,,,,,
9.997568076271266e-05,9.997568076271266e-05,17009,,,,,,,,,,,,,
9.997568076271266e-05,9.997568076271266e-05,17009,,,,,,,,,,,,,
,,17009,0.00034240889362990856,20,,,,,,,,,,,
9.996924266806791e-05,9.996924266806791e-05,17090,,,,,,,,,,,,,
9.996924266806791e-05,9.996924266806791e-05,17090,,,,,,,,,,,,,
,,17090,0.0004040324129164219,20,,,,,,,,,,,
9.996204967162024e-05,9.996204967162024e-05,17171,,,,,,,,,,,,,
9.996204967162024e-05,9.996204967162024e-05,17171,,,,,,,,,,,,,
,,17171,0.00036835495848208666,20,,,,,,,,,,,
9.995410188214547e-05,9.995410188214547e-05,17252,,,,,,,,,,,,,
9.995410188214547e-05,9.995410188214547e-05,17252,,,,,,,,,,,,,
,,17252,0.00033619211171753705,21,,,,,,,,,,,
9.99453994198338e-05,9.99453994198338e-05,17333,,,,,,,,,,,,,
9.99453994198338e-05,9.99453994198338e-05,17333,,,,,,,,,,,,,
,,17333,0.00040183597593568265,21,,,,,,,,,,,
9.993594241628772e-05,9.993594241628772e-05,17414,,,,,,,,,,,,,
9.993594241628772e-05,9.993594241628772e-05,17414,,,,,,,,,,,,,
,,17414,0.0003669194702524692,21,,,,,,,,,,,
9.992573101452061e-05,9.992573101452061e-05,17495,,,,,,,,,,,,,
9.992573101452061e-05,9.992573101452061e-05,17495,,,,,,,,,,,,,
,,17495,0.00036274344893172383,21,,,,,,,,,,,
9.99147653689538e-05,9.99147653689538e-05,17576,,,,,,,,,,,,,
9.99147653689538e-05,9.99147653689538e-05,17576,,,,,,,,,,,,,
,,17576,0.00041760329622775316,21,,,,,,,,,,,
9.99030456454148e-05,9.99030456454148e-05,17657,,,,,,,,,,,,,
9.99030456454148e-05,9.99030456454148e-05,17657,,,,,,,,,,,,,
,,17657,0.0003632458101492375,21,,,,,,,,,,,
9.989057202113492e-05,9.989057202113492e-05,17738,,,,,,,,,,,,,
9.989057202113492e-05,9.989057202113492e-05,17738,,,,,,,,,,,,,
,,17738,0.00037210373557172716,21,,,,,,,,,,,
9.987734468474592e-05,9.987734468474592e-05,17819,,,,,,,,,,,,,
9.987734468474592e-05,9.987734468474592e-05,17819,,,,,,,,,,,,,
,,17819,0.00039273296715691686,21,,,,,,,,,,,
9.986336383627761e-05,9.986336383627761e-05,17900,,,,,,,,,,,,,
9.986336383627761e-05,9.986336383627761e-05,17900,,,,,,,,,,,,,
,,17900,0.00039872777415439487,21,,,,,,,,,,,
9.984862968715495e-05,9.984862968715495e-05,17981,,,,,,,,,,,,,
9.984862968715495e-05,9.984862968715495e-05,17981,,,,,,,,,,,,,
,,17981,0.00036103674210608006,21,,,,,,,,,,,
9.983314246019447e-05,9.983314246019447e-05,18062,,,,,,,,,,,,,
9.983314246019447e-05,9.983314246019447e-05,18062,,,,,,,,,,,,,
,,18062,0.0003836471005342901,22,,,,,,,,,,,
9.981690238960112e-05,9.981690238960112e-05,18143,,,,,,,,,,,,,
9.981690238960112e-05,9.981690238960112e-05,18143,,,,,,,,,,,,,
,,18143,0.00039151019882410765,22,,,,,,,,,,,
9.979990972096486e-05,9.979990972096486e-05,18224,,,,,,,,,,,,,
9.979990972096486e-05,9.979990972096486e-05,18224,,,,,,,,,,,,,
,,18224,0.00042578502325341105,22,,,,,,,,,,,
9.978216471125657e-05,9.978216471125657e-05,18305,,,,,,,,,,,,,
9.978216471125657e-05,9.978216471125657e-05,18305,,,,,,,,,,,,,
,,18305,0.0003583022626116872,22,,,,,,,,,,,
9.976366762882442e-05,9.976366762882442e-05,18386,,,,,,,,,,,,,
9.976366762882442e-05,9.976366762882442e-05,18386,,,,,,,,,,,,,
,,18386,0.00039106220356188715,22,,,,,,,,,,,
9.974441875338983e-05,9.974441875338983e-05,18467,,,,,,,,,,,,,
9.974441875338983e-05,9.974441875338983e-05,18467,,,,,,,,,,,,,
,,18467,0.0003956491418648511,22,,,,,,,,,,,
9.972441837604332e-05,9.972441837604332e-05,18548,,,,,,,,,,,,,
9.972441837604332e-05,9.972441837604332e-05,18548,,,,,,,,,,,,,
,,18548,0.0003812511858996004,22,,,,,,,,,,,
9.970366679923982e-05,9.970366679923982e-05,18629,,,,,,,,,,,,,
9.970366679923982e-05,9.970366679923982e-05,18629,,,,,,,,,,,,,
,,18629,0.00038446547114290297,22,,,,,,,,,,,
9.968216433679401e-05,9.968216433679401e-05,18710,,,,,,,,,,,,,
9.968216433679401e-05,9.968216433679401e-05,18710,,,,,,,,,,,,,
,,18710,0.00033060924033634365,22,,,,,,,,,,,
9.965991131387613e-05,9.965991131387613e-05,18791,,,,,,,,,,,,,
9.965991131387613e-05,9.965991131387613e-05,18791,,,,,,,,,,,,,
,,18791,0.00034395174589008093,22,,,,,,,,,,,
9.96369080670067e-05,9.96369080670067e-05,18872,,,,,,,,,,,,,
9.96369080670067e-05,9.96369080670067e-05,18872,,,,,,,,,,,,,
,,18872,0.0003289154847152531,23,,,,,,,,,,,
9.961315494405155e-05,9.961315494405155e-05,18953,,,,,,,,,,,,,
9.961315494405155e-05,9.961315494405155e-05,18953,,,,,,,,,,,,,
,,18953,0.00033134804107248783,23,,,,,,,,,,,
9.958865230421609e-05,9.958865230421609e-05,19034,,,,,,,,,,,,,
9.958865230421609e-05,9.958865230421609e-05,19034,,,,,,,,,,,,,
,,19034,0.00032030916190706193,23,,,,,,,,,,,
9.956340051804058e-05,9.956340051804058e-05,19115,,,,,,,,,,,,,
9.956340051804058e-05,9.956340051804058e-05,19115,,,,,,,,,,,,,
,,19115,0.00037366762990131974,23,,,,,,,,,,,
9.953739996739442e-05,9.953739996739442e-05,19196,,,,,,,,,,,,,
9.953739996739442e-05,9.953739996739442e-05,19196,,,,,,,,,,,,,
,,19196,0.000449534913059324,23,,,,,,,,,,,
9.951065104546975e-05,9.951065104546975e-05,19277,,,,,,,,,,,,,
9.951065104546975e-05,9.951065104546975e-05,19277,,,,,,,,,,,,,
,,19277,0.0003919304581359029,23,,,,,,,,,,,
9.948315415677611e-05,9.948315415677611e-05,19358,,,,,,,,,,,,,
9.948315415677611e-05,9.948315415677611e-05,19358,,,,,,,,,,,,,
,,19358,0.0003594602458178997,23,,,,,,,,,,,
9.94549097171342e-05,9.94549097171342e-05,19439,,,,,,,,,,,,,
9.94549097171342e-05,9.94549097171342e-05,19439,,,,,,,,,,,,,
,,19439,0.0003651722217909992,23,,,,,,,,,,,
9.942591815366931e-05,9.942591815366931e-05,19520,,,,,,,,,,,,,
9.942591815366931e-05,9.942591815366931e-05,19520,,,,,,,,,,,,,
,,19520,0.0003795278607867658,23,,,,,,,,,,,
9.939617990480536e-05,9.939617990480536e-05,19601,,,,,,,,,,,,,
9.939617990480536e-05,9.939617990480536e-05,19601,,,,,,,,,,,,,
,,19601,0.0003416736435610801,23,,,,,,,,,,,
9.936569542025779e-05,9.936569542025779e-05,19682,,,,,,,,,,,,,
9.936569542025779e-05,9.936569542025779e-05,19682,,,,,,,,,,,,,
,,19682,0.0003888021456077695,24,,,,,,,,,,,
9.933446516102696e-05,9.933446516102696e-05,19763,,,,,,,,,,,,,
9.933446516102696e-05,9.933446516102696e-05,19763,,,,,,,,,,,,,
,,19763,0.00037751838681288064,24,,,,,,,,,,,
9.930248959939142e-05,9.930248959939142e-05,19844,,,,,,,,,,,,,
9.930248959939142e-05,9.930248959939142e-05,19844,,,,,,,,,,,,,
,,19844,0.00036318431375548244,24,,,,,,,,,,,
9.926976921890019e-05,9.926976921890019e-05,19925,,,,,,,,,,,,,
9.926976921890019e-05,9.926976921890019e-05,19925,,,,,,,,,,,,,
,,19925,0.00038212479557842016,24,,,,,,,,,,,
9.923630451436613e-05,9.923630451436613e-05,20006,,,,,,,,,,,,,
9.923630451436613e-05,9.923630451436613e-05,20006,,,,,,,,,,,,,
,,20006,0.00037433169200085104,24,,,,,,,,,,,
9.920209599185782e-05,9.920209599185782e-05,20087,,,,,,,,,,,,,
9.920209599185782e-05,9.920209599185782e-05,20087,,,,,,,,,,,,,
,,20087,0.0003600923519115895,24,,,,,,,,,,,
9.916714416869224e-05,9.916714416869224e-05,20168,,,,,,,,,,,,,
9.916714416869224e-05,9.916714416869224e-05,20168,,,,,,,,,,,,,
,,20168,0.00036592138349078596,24,,,,,,,,,,,
9.913144957342711e-05,9.913144957342711e-05,20249,,,,,,,,,,,,,
9.913144957342711e-05,9.913144957342711e-05,20249,,,,,,,,,,,,,
,,20249,0.00039062678115442395,24,,,,,,,,,,,
9.909501274585254e-05,9.909501274585254e-05,20330,,,,,,,,,,,,,
9.909501274585254e-05,9.909501274585254e-05,20330,,,,,,,,,,,,,
,,20330,0.00034069822868332267,24,,,,,,,,,,,
9.905783423698304e-05,9.905783423698304e-05,20411,,,,,,,,,,,,,
9.905783423698304e-05,9.905783423698304e-05,20411,,,,,,,,,,,,,
,,20411,0.0004010725242551416,24,,,,,,,,,,,
,,20449,,24,-0.6398977041244507,0.00027440275880508125,0.011301983147859573,0.6398977041244507,1.8493953943252563,0.5433111786842346,,,,,
9.901991460904907e-05,9.901991460904907e-05,20492,,,,,,,,,,,,,
9.901991460904907e-05,9.901991460904907e-05,20492,,,,,,,,,,,,,
,,20492,0.00038515785126946867,25,,,,,,,,,,,
9.898125443548878e-05,9.898125443548878e-05,20573,,,,,,,,,,,,,
9.898125443548878e-05,9.898125443548878e-05,20573,,,,,,,,,,,,,
,,20573,0.000339436752256006,25,,,,,,,,,,,
9.89418543009392e-05,9.89418543009392e-05,20654,,,,,,,,,,,,,
9.89418543009392e-05,9.89418543009392e-05,20654,,,,,,,,,,,,,
,,20654,0.00034509639954194427,25,,,,,,,,,,,
9.89017148012273e-05,9.89017148012273e-05,20735,,,,,,,,,,,,,
9.89017148012273e-05,9.89017148012273e-05,20735,,,,,,,,,,,,,
,,20735,0.000358513614628464,25,,,,,,,,,,,
9.88608365433611e-05,9.88608365433611e-05,20816,,,,,,,,,,,,,
9.88608365433611e-05,9.88608365433611e-05,20816,,,,,,,,,,,,,
,,20816,0.00039682697388343513,25,,,,,,,,,,,
9.881922014552035e-05,9.881922014552035e-05,20897,,,,,,,,,,,,,
9.881922014552035e-05,9.881922014552035e-05,20897,,,,,,,,,,,,,
,,20897,0.0003616321482695639,25,,,,,,,,,,,
9.877686623704746e-05,9.877686623704746e-05,20978,,,,,,,,,,,,,
9.877686623704746e-05,9.877686623704746e-05,20978,,,,,,,,,,,,,
,,20978,0.0003801597049459815,25,,,,,,,,,,,
9.873377545843778e-05,9.873377545843778e-05,21059,,,,,,,,,,,,,
9.873377545843778e-05,9.873377545843778e-05,21059,,,,,,,,,,,,,
,,21059,0.00039059636765159667,25,,,,,,,,,,,
9.86899484613299e-05,9.86899484613299e-05,21140,,,,,,,,,,,,,
9.86899484613299e-05,9.86899484613299e-05,21140,,,,,,,,,,,,,
,,21140,0.0003825114108622074,25,,,,,,,,,,,
9.864538590849602e-05,9.864538590849602e-05,21221,,,,,,,,,,,,,
9.864538590849602e-05,9.864538590849602e-05,21221,,,,,,,,,,,,,
,,21221,0.00036855723010376096,25,,,,,,,,,,,
9.860008847383148e-05,9.860008847383148e-05,21302,,,,,,,,,,,,,
9.860008847383148e-05,9.860008847383148e-05,21302,,,,,,,,,,,,,
,,21302,0.00036352986353449523,26,,,,,,,,,,,
9.855405684234498e-05,9.855405684234498e-05,21383,,,,,,,,,,,,,
9.855405684234498e-05,9.855405684234498e-05,21383,,,,,,,,,,,,,
,,21383,0.00036751097650267184,26,,,,,,,,,,,
9.8507291710148e-05,9.8507291710148e-05,21464,,,,,,,,,,,,,
9.8507291710148e-05,9.8507291710148e-05,21464,,,,,,,,,,,,,
,,21464,0.0003629386192187667,26,,,,,,,,,,,
9.845979378444464e-05,9.845979378444464e-05,21545,,,,,,,,,,,,,
9.845979378444464e-05,9.845979378444464e-05,21545,,,,,,,,,,,,,
,,21545,0.00034226293792016804,26,,,,,,,,,,,
9.841156378352029e-05,9.841156378352029e-05,21626,,,,,,,,,,,,,
9.841156378352029e-05,9.841156378352029e-05,21626,,,,,,,,,,,,,
,,21626,0.00035374207072891295,26,,,,,,,,,,,
9.836260243673122e-05,9.836260243673122e-05,21707,,,,,,,,,,,,,
9.836260243673122e-05,9.836260243673122e-05,21707,,,,,,,,,,,,,
,,21707,0.0003623807861004025,26,,,,,,,,,,,
9.83129104844937e-05,9.83129104844937e-05,21788,,,,,,,,,,,,,
9.83129104844937e-05,9.83129104844937e-05,21788,,,,,,,,,,,,,
,,21788,0.0003348564205225557,26,,,,,,,,,,,
9.826248867827204e-05,9.826248867827204e-05,21869,,,,,,,,,,,,,
9.826248867827204e-05,9.826248867827204e-05,21869,,,,,,,,,,,,,
,,21869,0.0003581303753890097,26,,,,,,,,,,,
9.821133778056823e-05,9.821133778056823e-05,21950,,,,,,,,,,,,,
9.821133778056823e-05,9.821133778056823e-05,21950,,,,,,,,,,,,,
,,21950,0.000309505732730031,26,,,,,,,,,,,
9.81594585649097e-05,9.81594585649097e-05,22031,,,,,,,,,,,,,
9.81594585649097e-05,9.81594585649097e-05,22031,,,,,,,,,,,,,
,,22031,0.0003247196727897972,26,,,,,,,,,,,
9.810685181583798e-05,9.810685181583798e-05,22112,,,,,,,,,,,,,
9.810685181583798e-05,9.810685181583798e-05,22112,,,,,,,,,,,,,
,,22112,0.00032079126685857773,27,,,,,,,,,,,
9.805351832889636e-05,9.805351832889636e-05,22193,,,,,,,,,,,,,
9.805351832889636e-05,9.805351832889636e-05,22193,,,,,,,,,,,,,
,,22193,0.0003409851633477956,27,,,,,,,,,,,
9.799945891061865e-05,9.799945891061865e-05,22274,,,,,,,,,,,,,
9.799945891061865e-05,9.799945891061865e-05,22274,,,,,,,,,,,,,
,,22274,0.0003781935665756464,27,,,,,,,,,,,
9.794467437851608e-05,9.794467437851608e-05,22355,,,,,,,,,,,,,
9.794467437851608e-05,9.794467437851608e-05,22355,,,,,,,,,,,,,
,,22355,0.0003802883729804307,27,,,,,,,,,,,
9.78891655610657e-05,9.78891655610657e-05,22436,,,,,,,,,,,,,
9.78891655610657e-05,9.78891655610657e-05,22436,,,,,,,,,,,,,
,,22436,0.0003537347656674683,27,,,,,,,,,,,
9.783293329769738e-05,9.783293329769738e-05,22517,,,,,,,,,,,,,
9.783293329769738e-05,9.783293329769738e-05,22517,,,,,,,,,,,,,
,,22517,0.000373094022506848,27,,,,,,,,,,,
9.777597843878146e-05,9.777597843878146e-05,22598,,,,,,,,,,,,,
9.777597843878146e-05,9.777597843878146e-05,22598,,,,,,,,,,,,,
,,22598,0.0003707011346705258,27,,,,,,,,,,,
9.77183018456155e-05,9.77183018456155e-05,22679,,,,,,,,,,,,,
9.77183018456155e-05,9.77183018456155e-05,22679,,,,,,,,,,,,,
,,22679,0.00034965359373018146,27,,,,,,,,,,,
9.765990439041153e-05,9.765990439041153e-05,22760,,,,,,,,,,,,,
9.765990439041153e-05,9.765990439041153e-05,22760,,,,,,,,,,,,,
,,22760,0.00035807417589239776,27,,,,,,,,,,,
9.760078695628285e-05,9.760078695628285e-05,22841,,,,,,,,,,,,,
9.760078695628285e-05,9.760078695628285e-05,22841,,,,,,,,,,,,,
,,22841,0.0003359840193297714,27,,,,,,,,,,,
9.75409504372305e-05,9.75409504372305e-05,22922,,,,,,,,,,,,,
9.75409504372305e-05,9.75409504372305e-05,22922,,,,,,,,,,,,,
,,22922,0.0003801796701736748,28,,,,,,,,,,,
9.748039573812994e-05,9.748039573812994e-05,23003,,,,,,,,,,,,,
9.748039573812994e-05,9.748039573812994e-05,23003,,,,,,,,,,,,,
,,23003,0.0003952745464630425,28,,,,,,,,,,,
9.741912377471721e-05,9.741912377471721e-05,23084,,,,,,,,,,,,,
9.741912377471721e-05,9.741912377471721e-05,23084,,,,,,,,,,,,,
,,23084,0.0003547781961970031,28,,,,,,,,,,,
9.735713547357528e-05,9.735713547357528e-05,23165,,,,,,,,,,,,,
9.735713547357528e-05,9.735713547357528e-05,23165,,,,,,,,,,,,,
,,23165,0.0003535801079124212,28,,,,,,,,,,,
9.729443177211965e-05,9.729443177211965e-05,23246,,,,,,,,,,,,,
9.729443177211965e-05,9.729443177211965e-05,23246,,,,,,,,,,,,,
,,23246,0.000363856932381168,28,,,,,,,,,,,
9.72310136185847e-05,9.72310136185847e-05,23327,,,,,,,,,,,,,
9.72310136185847e-05,9.72310136185847e-05,23327,,,,,,,,,,,,,
,,23327,0.0003523441555444151,28,,,,,,,,,,,
9.716688197200895e-05,9.716688197200895e-05,23408,,,,,,,,,,,,,
9.716688197200895e-05,9.716688197200895e-05,23408,,,,,,,,,,,,,
,,23408,0.0003716234059538692,28,,,,,,,,,,,
9.710203780222072e-05,9.710203780222072e-05,23489,,,,,,,,,,,,,
9.710203780222072e-05,9.710203780222072e-05,23489,,,,,,,,,,,,,
,,23489,0.0003445101319812238,28,,,,,,,,,,,
9.703648208982356e-05,9.703648208982356e-05,23570,,,,,,,,,,,,,
9.703648208982356e-05,9.703648208982356e-05,23570,,,,,,,,,,,,,
,,23570,0.00038331092218868434,28,,,,,,,,,,,
9.697021582618104e-05,9.697021582618104e-05,23651,,,,,,,,,,,,,
9.697021582618104e-05,9.697021582618104e-05,23651,,,,,,,,,,,,,
,,23651,0.0003599120827857405,28,,,,,,,,,,,
9.690324001340228e-05,9.690324001340228e-05,23732,,,,,,,,,,,,,
9.690324001340228e-05,9.690324001340228e-05,23732,,,,,,,,,,,,,
,,23732,0.0003381006245035678,29,,,,,,,,,,,
9.683555566432634e-05,9.683555566432634e-05,23813,,,,,,,,,,,,,
9.683555566432634e-05,9.683555566432634e-05,23813,,,,,,,,,,,,,
,,23813,0.00035716802813112736,29,,,,,,,,,,,
9.676716380250713e-05,9.676716380250713e-05,23894,,,,,,,,,,,,,
9.676716380250713e-05,9.676716380250713e-05,23894,,,,,,,,,,,,,
,,23894,0.00034795975079759955,29,,,,,,,,,,,
9.669806546219796e-05,9.669806546219796e-05,23975,,,,,,,,,,,,,
9.669806546219796e-05,9.669806546219796e-05,23975,,,,,,,,,,,,,
,,23975,0.0003536329895723611,29,,,,,,,,,,,
9.66282616883357e-05,9.66282616883357e-05,24056,,,,,,,,,,,,,
9.66282616883357e-05,9.66282616883357e-05,24056,,,,,,,,,,,,,
,,24056,0.00036659682518802583,29,,,,,,,,,,,
9.655775353652528e-05,9.655775353652528e-05,24137,,,,,,,,,,,,,
9.655775353652528e-05,9.655775353652528e-05,24137,,,,,,,,,,,,,
,,24137,0.0003765368019230664,29,,,,,,,,,,,
9.64865420730235e-05,9.64865420730235e-05,24218,,,,,,,,,,,,,
9.64865420730235e-05,9.64865420730235e-05,24218,,,,,,,,,,,,,
,,24218,0.0003699450462590903,29,,,,,,,,,,,
9.641462837472294e-05,9.641462837472294e-05,24299,,,,,,,,,,,,,
9.641462837472294e-05,9.641462837472294e-05,24299,,,,,,,,,,,,,
,,24299,0.000370492140064016,29,,,,,,,,,,,
9.634201352913562e-05,9.634201352913562e-05,24380,,,,,,,,,,,,,
9.634201352913562e-05,9.634201352913562e-05,24380,,,,,,,,,,,,,
,,24380,0.0003650624421425164,29,,,,,,,,,,,
9.62686986343768e-05,9.62686986343768e-05,24461,,,,,,,,,,,,,
9.62686986343768e-05,9.62686986343768e-05,24461,,,,,,,,,,,,,
,,24461,0.00039525271859019995,29,,,,,,,,,,,
,,24539,,29,-0.6140854358673096,0.0002766196266748011,0.011370058171451092,0.6140854358673096,1.7166526317596436,0.5547256469726562,,,,,
9.619468479914806e-05,9.619468479914806e-05,24542,,,,,,,,,,,,,
9.619468479914806e-05,9.619468479914806e-05,24542,,,,,,,,,,,,,
,,24542,0.00033401884138584137,30,,,,,,,,,,,
9.61199731427207e-05,9.61199731427207e-05,24623,,,,,,,,,,,,,
9.61199731427207e-05,9.61199731427207e-05,24623,,,,,,,,,,,,,
,,24623,0.00038670768844895065,30,,,,,,,,,,,
9.604456479491891e-05,9.604456479491891e-05,24704,,,,,,,,,,,,,
9.604456479491891e-05,9.604456479491891e-05,24704,,,,,,,,,,,,,
,,24704,0.0003674593463074416,30,,,,,,,,,,,
9.596846089610257e-05,9.596846089610257e-05,24785,,,,,,,,,,,,,
9.596846089610257e-05,9.596846089610257e-05,24785,,,,,,,,,,,,,
,,24785,0.00034360712743364275,30,,,,,,,,,,,
9.589166259714976e-05,9.589166259714976e-05,24866,,,,,,,,,,,,,
9.589166259714976e-05,9.589166259714976e-05,24866,,,,,,,,,,,,,
,,24866,0.0003886547638103366,30,,,,,,,,,,,
9.581417105943982e-05,9.581417105943982e-05,24947,,,,,,,,,,,,,
9.581417105943982e-05,9.581417105943982e-05,24947,,,,,,,,,,,,,
,,24947,0.000386592437280342,30,,,,,,,,,,,
9.573598745483555e-05,9.573598745483555e-05,25028,,,,,,,,,,,,,
9.573598745483555e-05,9.573598745483555e-05,25028,,,,,,,,,,,,,
,,25028,0.0003482175525277853,30,,,,,,,,,,,
9.56571129656655e-05,9.56571129656655e-05,25109,,,,,,,,,,,,,
9.56571129656655e-05,9.56571129656655e-05,25109,,,,,,,,,,,,,
,,25109,0.00040102528873831034,30,,,,,,,,,,,
9.557754878470599e-05,9.557754878470599e-05,25190,,,,,,,,,,,,,
9.557754878470599e-05,9.557754878470599e-05,25190,,,,,,,,,,,,,
,,25190,0.0003739108215086162,30,,,,,,,,,,,
9.549729611516312e-05,9.549729611516312e-05,25271,,,,,,,,,,,,,
9.549729611516312e-05,9.549729611516312e-05,25271,,,,,,,,,,,,,
,,25271,0.0003654800821095705,30,,,,,,,,,,,
9.541635617065498e-05,9.541635617065498e-05,25352,,,,,,,,,,,,,
9.541635617065498e-05,9.541635617065498e-05,25352,,,,,,,,,,,,,
,,25352,0.0003803916333708912,30,,,,,,,,,,,
9.533473017519261e-05,9.533473017519261e-05,25433,,,,,,,,,,,,,
9.533473017519261e-05,9.533473017519261e-05,25433,,,,,,,,,,,,,
,,25433,0.00031519352342002094,31,,,,,,,,,,,
9.5252419363162e-05,9.5252419363162e-05,25514,,,,,,,,,,,,,
9.5252419363162e-05,9.5252419363162e-05,25514,,,,,,,,,,,,,
,,25514,0.00033111925586126745,31,,,,,,,,,,,
9.516942497930523e-05,9.516942497930523e-05,25595,,,,,,,,,,,,,
9.516942497930523e-05,9.516942497930523e-05,25595,,,,,,,,,,,,,
,,25595,0.0003502091276459396,31,,,,,,,,,,,
9.508574827870163e-05,9.508574827870163e-05,25676,,,,,,,,,,,,,
9.508574827870163e-05,9.508574827870163e-05,25676,,,,,,,,,,,,,
,,25676,0.0003450073709245771,31,,,,,,,,,,,
9.500139052674872e-05,9.500139052674872e-05,25757,,,,,,,,,,,,,
9.500139052674872e-05,9.500139052674872e-05,25757,,,,,,,,,,,,,
,,25757,0.000351057416992262,31,,,,,,,,,,,
9.491635299914346e-05,9.491635299914346e-05,25838,,,,,,,,,,,,,
9.491635299914346e-05,9.491635299914346e-05,25838,,,,,,,,,,,,,
,,25838,0.00036104285391047597,31,,,,,,,,,,,
9.483063698186249e-05,9.483063698186249e-05,25919,,,,,,,,,,,,,
9.483063698186249e-05,9.483063698186249e-05,25919,,,,,,,,,,,,,
,,25919,0.00032635897514410317,31,,,,,,,,,,,
9.474424377114292e-05,9.474424377114292e-05,26000,,,,,,,,,,,,,
9.474424377114292e-05,9.474424377114292e-05,26000,,,,,,,,,,,,,
,,26000,0.00034853670513257384,31,,,,,,,,,,,
9.465717467346274e-05,9.465717467346274e-05,26081,,,,,,,,,,,,,
9.465717467346274e-05,9.465717467346274e-05,26081,,,,,,,,,,,,,
,,26081,0.0003744731657207012,31,,,,,,,,,,,
9.456943100552108e-05,9.456943100552108e-05,26162,,,,,,,,,,,,,
9.456943100552108e-05,9.456943100552108e-05,26162,,,,,,,,,,,,,
,,26162,0.0003116684383712709,31,,,,,,,,,,,
9.448101409421799e-05,9.448101409421799e-05,26243,,,,,,,,,,,,,
9.448101409421799e-05,9.448101409421799e-05,26243,,,,,,,,,,,,,
,,26243,0.00033672875724732876,32,,,,,,,,,,,
9.439192527663482e-05,9.439192527663482e-05,26324,,,,,,,,,,,,,
9.439192527663482e-05,9.439192527663482e-05,26324,,,,,,,,,,,,,
,,26324,0.00036164565244689584,32,,,,,,,,,,,
9.43021659000138e-05,9.43021659000138e-05,26405,,,,,,,,,,,,,
9.43021659000138e-05,9.43021659000138e-05,26405,,,,,,,,,,,,,
,,26405,0.00040171085856854916,32,,,,,,,,,,,
9.421173732173756e-05,9.421173732173756e-05,26486,,,,,,,,,,,,,
9.421173732173756e-05,9.421173732173756e-05,26486,,,,,,,,,,,,,
,,26486,0.00031859855516813695,32,,,,,,,,,,,
9.412064090930872e-05,9.412064090930872e-05,26567,,,,,,,,,,,,,
9.412064090930872e-05,9.412064090930872e-05,26567,,,,,,,,,,,,,
,,26567,0.0003543473139870912,32,,,,,,,,,,,
9.402887804032934e-05,9.402887804032934e-05,26648,,,,,,,,,,,,,
9.402887804032934e-05,9.402887804032934e-05,26648,,,,,,,,,,,,,
,,26648,0.0003438484272919595,32,,,,,,,,,,,
9.393645010247962e-05,9.393645010247962e-05,26729,,,,,,,,,,,,,
9.393645010247962e-05,9.393645010247962e-05,26729,,,,,,,,,,,,,
,,26729,0.00033111986704170704,32,,,,,,,,,,,
9.384335849349764e-05,9.384335849349764e-05,26810,,,,,,,,,,,,,
9.384335849349764e-05,9.384335849349764e-05,26810,,,,,,,,,,,,,
,,26810,0.00035272486275061965,32,,,,,,,,,,,
9.37496046211576e-05,9.37496046211576e-05,26891,,,,,,,,,,,,,
9.37496046211576e-05,9.37496046211576e-05,26891,,,,,,,,,,,,,
,,26891,0.0003249163564760238,32,,,,,,,,,,,
9.36551899032487e-05,9.36551899032487e-05,26972,,,,,,,,,,,,,
9.36551899032487e-05,9.36551899032487e-05,26972,,,,,,,,,,,,,
,,26972,0.0003809212939813733,32,,,,,,,,,,,
9.356011576755391e-05,9.356011576755391e-05,27053,,,,,,,,,,,,,
9.356011576755391e-05,9.356011576755391e-05,27053,,,,,,,,,,,,,
,,27053,0.00033369087032042444,33,,,,,,,,,,,
9.346438365182809e-05,9.346438365182809e-05,27134,,,,,,,,,,,,,
9.346438365182809e-05,9.346438365182809e-05,27134,,,,,,,,,,,,,
,,27134,0.0003550111432559788,33,,,,,,,,,,,
9.336799500377652e-05,9.336799500377652e-05,27215,,,,,,,,,,,,,
9.336799500377652e-05,9.336799500377652e-05,27215,,,,,,,,,,,,,
,,27215,0.0003428455675020814,33,,,,,,,,,,,
9.32709512810328e-05,9.32709512810328e-05,27296,,,,,,,,,,,,,
9.32709512810328e-05,9.32709512810328e-05,27296,,,,,,,,,,,,,
,,27296,0.00037290743784978986,33,,,,,,,,,,,
9.317325395113662e-05,9.317325395113662e-05,27377,,,,,,,,,,,,,
9.317325395113662e-05,9.317325395113662e-05,27377,,,,,,,,,,,,,
,,27377,0.00030018118559382856,33,,,,,,,,,,,
9.307490449151223e-05,9.307490449151223e-05,27458,,,,,,,,,,,,,
9.307490449151223e-05,9.307490449151223e-05,27458,,,,,,,,,,,,,
,,27458,0.0003558343159966171,33,,,,,,,,,,,
9.297590438944545e-05,9.297590438944545e-05,27539,,,,,,,,,,,,,
9.297590438944545e-05,9.297590438944545e-05,27539,,,,,,,,,,,,,
,,27539,0.0003811402420978993,33,,,,,,,,,,,
9.287625514206155e-05,9.287625514206155e-05,27620,,,,,,,,,,,,,
9.287625514206155e-05,9.287625514206155e-05,27620,,,,,,,,,,,,,
,,27620,0.0003634211316239089,33,,,,,,,,,,,
9.277595825630238e-05,9.277595825630238e-05,27701,,,,,,,,,,,,,
9.277595825630238e-05,9.277595825630238e-05,27701,,,,,,,,,,,,,
,,27701,0.0003344216092955321,33,,,,,,,,,,,
9.267501524890357e-05,9.267501524890357e-05,27782,,,,,,,,,,,,,
9.267501524890357e-05,9.267501524890357e-05,27782,,,,,,,,,,,,,
,,27782,0.0003581431519705802,33,,,,,,,,,,,
9.257342764637192e-05,9.257342764637192e-05,27863,,,,,,,,,,,,,
9.257342764637192e-05,9.257342764637192e-05,27863,,,,,,,,,,,,,
,,27863,0.0003642232622951269,34,,,,,,,,,,,
9.247119698496195e-05,9.247119698496195e-05,27944,,,,,,,,,,,,,
9.247119698496195e-05,9.247119698496195e-05,27944,,,,,,,,,,,,,
,,27944,0.00034465163480490446,34,,,,,,,,,,,
9.236832481065284e-05,9.236832481065284e-05,28025,,,,,,,,,,,,,
9.236832481065284e-05,9.236832481065284e-05,28025,,,,,,,,,,,,,
,,28025,0.00036601844476535916,34,,,,,,,,,,,
9.226481267912511e-05,9.226481267912511e-05,28106,,,,,,,,,,,,,
9.226481267912511e-05,9.226481267912511e-05,28106,,,,,,,,,,,,,
,,28106,0.0003180487547069788,34,,,,,,,,,,,
9.216066215573686e-05,9.216066215573686e-05,28187,,,,,,,,,,,,,
9.216066215573686e-05,9.216066215573686e-05,28187,,,,,,,,,,,,,
,,28187,0.0003412010846659541,34,,,,,,,,,,,
9.205587481550037e-05,9.205587481550037e-05,28268,,,,,,,,,,,,,
9.205587481550037e-05,9.205587481550037e-05,28268,,,,,,,,,,,,,
,,28268,0.0003997088351752609,34,,,,,,,,,,,
9.195045224305804e-05,9.195045224305804e-05,28349,,,,,,,,,,,,,
9.195045224305804e-05,9.195045224305804e-05,28349,,,,,,,,,,,,,
,,28349,0.0003548754320945591,34,,,,,,,,,,,
9.184439603265869e-05,9.184439603265869e-05,28430,,,,,,,,,,,,,
9.184439603265869e-05,9.184439603265869e-05,28430,,,,,,,,,,,,,
,,28430,0.00037900215829722583,34,,,,,,,,,,,
9.173770778813328e-05,9.173770778813328e-05,28511,,,,,,,,,,,,,
9.173770778813328e-05,9.173770778813328e-05,28511,,,,,,,,,,,,,
,,28511,0.00031036115251481533,34,,,,,,,,,,,
9.163038912287043e-05,9.163038912287043e-05,28592,,,,,,,,,,,,,
9.163038912287043e-05,9.163038912287043e-05,28592,,,,,,,,,,,,,
,,28592,0.0003357908281031996,34,,,,,,,,,,,
,,28629,,34,-0.5904676914215088,0.00027883631992153823,0.011441277340054512,0.5904676914215088,1.624406337738037,0.5737100839614868,,,,,
9.15224416597927e-05,9.15224416597927e-05,28673,,,,,,,,,,,,,
9.15224416597927e-05,9.15224416597927e-05,28673,,,,,,,,,,,,,
,,28673,0.00032892616582103074,35,,,,,,,,,,,
9.14138670313313e-05,9.14138670313313e-05,28754,,,,,,,,,,,,,
9.14138670313313e-05,9.14138670313313e-05,28754,,,,,,,,,,,,,
,,28754,0.00035601513809524477,35,,,,,,,,,,,
9.130466687940182e-05,9.130466687940182e-05,28835,,,,,,,,,,,,,
9.130466687940182e-05,9.130466687940182e-05,28835,,,,,,,,,,,,,
,,28835,0.00034013777622021735,35,,,,,,,,,,,
9.119484285537925e-05,9.119484285537925e-05,28916,,,,,,,,,,,,,
9.119484285537925e-05,9.119484285537925e-05,28916,,,,,,,,,,,,,
,,28916,0.0003792048373725265,35,,,,,,,,,,,
9.108439662007329e-05,9.108439662007329e-05,28997,,,,,,,,,,,,,
9.108439662007329e-05,9.108439662007329e-05,28997,,,,,,,,,,,,,
,,28997,0.000335383607307449,35,,,,,,,,,,,
9.097332984370261e-05,9.097332984370261e-05,29078,,,,,,,,,,,,,
9.097332984370261e-05,9.097332984370261e-05,29078,,,,,,,,,,,,,
,,29078,0.00038101308746263385,35,,,,,,,,,,,
9.086164420587037e-05,9.086164420587037e-05,29159,,,,,,,,,,,,,
9.086164420587037e-05,9.086164420587037e-05,29159,,,,,,,,,,,,,
,,29159,0.00036967056803405285,35,,,,,,,,,,,
9.074934139553819e-05,9.074934139553819e-05,29240,,,,,,,,,,,,,
9.074934139553819e-05,9.074934139553819e-05,29240,,,,,,,,,,,,,
,,29240,0.0003382696013431996,35,,,,,,,,,,,
9.063642311100099e-05,9.063642311100099e-05,29321,,,,,,,,,,,,,
9.063642311100099e-05,9.063642311100099e-05,29321,,,,,,,,,,,,,
,,29321,0.0003299018135294318,35,,,,,,,,,,,
9.052289105986118e-05,9.052289105986118e-05,29402,,,,,,,,,,,,,
9.052289105986118e-05,9.052289105986118e-05,29402,,,,,,,,,,,,,
,,29402,0.00031770384521223605,35,,,,,,,,,,,
9.040874695900263e-05,9.040874695900263e-05,29483,,,,,,,,,,,,,
9.040874695900263e-05,9.040874695900263e-05,29483,,,,,,,,,,,,,
,,29483,0.00034181191585958004,36,,,,,,,,,,,
9.029399253456517e-05,9.029399253456517e-05,29564,,,,,,,,,,,,,
9.029399253456517e-05,9.029399253456517e-05,29564,,,,,,,,,,,,,
,,29564,0.0003663554089143872,36,,,,,,,,,,,
9.017862952191812e-05,9.017862952191812e-05,29645,,,,,,,,,,,,,
9.017862952191812e-05,9.017862952191812e-05,29645,,,,,,,,,,,,,
,,29645,0.00035275419941172004,36,,,,,,,,,,,
9.006265966563404e-05,9.006265966563404e-05,29726,,,,,,,,,,,,,
9.006265966563404e-05,9.006265966563404e-05,29726,,,,,,,,,,,,,
,,29726,0.0003562057390809059,36,,,,,,,,,,,
8.994608471946266e-05,8.994608471946266e-05,29807,,,,,,,,,,,,,
8.994608471946266e-05,8.994608471946266e-05,29807,,,,,,,,,,,,,
,,29807,0.00036089844070374966,36,,,,,,,,,,,
8.982890644630409e-05,8.982890644630409e-05,29888,,,,,,,,,,,,,
8.982890644630409e-05,8.982890644630409e-05,29888,,,,,,,,,,,,,
,,29888,0.0003412766382098198,36,,,,,,,,,,,
8.971112661818218e-05,8.971112661818218e-05,29969,,,,,,,,,,,,,
8.971112661818218e-05,8.971112661818218e-05,29969,,,,,,,,,,,,,
,,29969,0.00033119841828010976,36,,,,,,,,,,,
8.959274701621782e-05,8.959274701621782e-05,30050,,,,,,,,,,,,,
8.959274701621782e-05,8.959274701621782e-05,30050,,,,,,,,,,,,,
,,30050,0.00033481541322544217,36,,,,,,,,,,,
8.947376943060178e-05,8.947376943060178e-05,30131,,,,,,,,,,,,,
8.947376943060178e-05,8.947376943060178e-05,30131,,,,,,,,,,,,,
,,30131,0.00036449229810386896,36,,,,,,,,,,,
8.935419566056805e-05,8.935419566056805e-05,30212,,,,,,,,,,,,,
8.935419566056805e-05,8.935419566056805e-05,30212,,,,,,,,,,,,,
,,30212,0.0003624391683842987,36,,,,,,,,,,,
8.923402751436636e-05,8.923402751436636e-05,30293,,,,,,,,,,,,,
8.923402751436636e-05,8.923402751436636e-05,30293,,,,,,,,,,,,,
,,30293,0.0003599659539759159,37,,,,,,,,,,,
8.911326680923477e-05,8.911326680923477e-05,30374,,,,,,,,,,,,,
8.911326680923477e-05,8.911326680923477e-05,30374,,,,,,,,,,,,,
,,30374,0.0003700452216435224,37,,,,,,,,,,,
8.899191537137234e-05,8.899191537137234e-05,30455,,,,,,,,,,,,,
8.899191537137234e-05,8.899191537137234e-05,30455,,,,,,,,,,,,,
,,30455,0.00032124327844940126,37,,,,,,,,,,,
8.886997503591154e-05,8.886997503591154e-05,30536,,,,,,,,,,,,,
8.886997503591154e-05,8.886997503591154e-05,30536,,,,,,,,,,,,,
,,30536,0.0003278298827353865,37,,,,,,,,,,,
8.874744764689024e-05,8.874744764689024e-05,30617,,,,,,,,,,,,,
8.874744764689024e-05,8.874744764689024e-05,30617,,,,,,,,,,,,,
,,30617,0.0003505992062855512,37,,,,,,,,,,,
8.862433505722419e-05,8.862433505722419e-05,30698,,,,,,,,,,,,,
8.862433505722419e-05,8.862433505722419e-05,30698,,,,,,,,,,,,,
,,30698,0.0003692425962071866,37,,,,,,,,,,,
8.850063912867863e-05,8.850063912867863e-05,30779,,,,,,,,,,,,,
8.850063912867863e-05,8.850063912867863e-05,30779,,,,,,,,,,,,,
,,30779,0.0003095476422458887,37,,,,,,,,,,,
8.837636173184052e-05,8.837636173184052e-05,30860,,,,,,,,,,,,,
8.837636173184052e-05,8.837636173184052e-05,30860,,,,,,,,,,,,,
,,30860,0.000336724566295743,37,,,,,,,,,,,
8.825150474608989e-05,8.825150474608989e-05,30941,,,,,,,,,,,,,
8.825150474608989e-05,8.825150474608989e-05,30941,,,,,,,,,,,,,
,,30941,0.00038268195930868387,37,,,,,,,,,,,
8.812607005957171e-05,8.812607005957171e-05,31022,,,,,,,,,,,,,
8.812607005957171e-05,8.812607005957171e-05,31022,,,,,,,,,,,,,
,,31022,0.0003398363187443465,37,,,,,,,,,,,
8.800005956916713e-05,8.800005956916713e-05,31103,,,,,,,,,,,,,
8.800005956916713e-05,8.800005956916713e-05,31103,,,,,,,,,,,,,
,,31103,0.00034498804598115385,38,,,,,,,,,,,
8.787347518046478e-05,8.787347518046478e-05,31184,,,,,,,,,,,,,
8.787347518046478e-05,8.787347518046478e-05,31184,,,,,,,,,,,,,
,,31184,0.0003548696404322982,38,,,,,,,,,,,
8.774631880773222e-05,8.774631880773222e-05,31265,,,,,,,,,,,,,
8.774631880773222e-05,8.774631880773222e-05,31265,,,,,,,,,,,,,
,,31265,0.00031622100505046546,38,,,,,,,,,,,
8.761859237388677e-05,8.761859237388677e-05,31346,,,,,,,,,,,,,
8.761859237388677e-05,8.761859237388677e-05,31346,,,,,,,,,,,,,
,,31346,0.0003382289141882211,38,,,,,,,,,,,
8.749029781046645e-05,8.749029781046645e-05,31427,,,,,,,,,,,,,
8.749029781046645e-05,8.749029781046645e-05,31427,,,,,,,,,,,,,
,,31427,0.00034821958979591727,38,,,,,,,,,,,
8.736143705760082e-05,8.736143705760082e-05,31508,,,,,,,,,,,,,
8.736143705760082e-05,8.736143705760082e-05,31508,,,,,,,,,,,,,
,,31508,0.000315856741508469,38,,,,,,,,,,,
8.723201206398154e-05,8.723201206398154e-05,31589,,,,,,,,,,,,,
8.723201206398154e-05,8.723201206398154e-05,31589,,,,,,,,,,,,,
,,31589,0.0003138948231935501,38,,,,,,,,,,,
8.710202478683293e-05,8.710202478683293e-05,31670,,,,,,,,,,,,,
8.710202478683293e-05,8.710202478683293e-05,31670,,,,,,,,,,,,,
,,31670,0.00036054360680282116,38,,,,,,,,,,,
8.697147719188272e-05,8.697147719188272e-05,31751,,,,,,,,,,,,,
8.697147719188272e-05,8.697147719188272e-05,31751,,,,,,,,,,,,,
,,31751,0.000333446980221197,38,,,,,,,,,,,
8.684037125333184e-05,8.684037125333184e-05,31832,,,,,,,,,,,,,
8.684037125333184e-05,8.684037125333184e-05,31832,,,,,,,,,,,,,
,,31832,0.0003212046285625547,38,,,,,,,,,,,
8.670870895382452e-05,8.670870895382452e-05,31913,,,,,,,,,,,,,
8.670870895382452e-05,8.670870895382452e-05,31913,,,,,,,,,,,,,
,,31913,0.00036896520759910345,39,,,,,,,,,,,
8.657649228441882e-05,8.657649228441882e-05,31994,,,,,,,,,,,,,
8.657649228441882e-05,8.657649228441882e-05,31994,,,,,,,,,,,,,
,,31994,0.00036701292265206575,39,,,,,,,,,,,
8.644372324455637e-05,8.644372324455637e-05,32075,,,,,,,,,,,,,
8.644372324455637e-05,8.644372324455637e-05,32075,,,,,,,,,,,,,
,,32075,0.0003197929181624204,39,,,,,,,,,,,
8.631040384203169e-05,8.631040384203169e-05,32156,,,,,,,,,,,,,
8.631040384203169e-05,8.631040384203169e-05,32156,,,,,,,,,,,,,
,,32156,0.0003330762847326696,39,,,,,,,,,,,
8.617653609296219e-05,8.617653609296219e-05,32237,,,,,,,,,,,,,
8.617653609296219e-05,8.617653609296219e-05,32237,,,,,,,,,,,,,
,,32237,0.00032180832931771874,39,,,,,,,,,,,
8.604212202175766e-05,8.604212202175766e-05,32318,,,,,,,,,,,,,
8.604212202175766e-05,8.604212202175766e-05,32318,,,,,,,,,,,,,
,,32318,0.0003491643292363733,39,,,,,,,,,,,
8.590716366108986e-05,8.590716366108986e-05,32399,,,,,,,,,,,,,
8.590716366108986e-05,8.590716366108986e-05,32399,,,,,,,,,,,,,
,,32399,0.0003270982997491956,39,,,,,,,,,,,
8.577166305186114e-05,8.577166305186114e-05,32480,,,,,,,,,,,,,
8.577166305186114e-05,8.577166305186114e-05,32480,,,,,,,,,,,,,
,,32480,0.000346078013535589,39,,,,,,,,,,,
8.563562224317432e-05,8.563562224317432e-05,32561,,,,,,,,,,,,,
8.563562224317432e-05,8.563562224317432e-05,32561,,,,,,,,,,,,,
,,32561,0.0003706438874360174,39,,,,,,,,,,,
8.54990432923012e-05,8.54990432923012e-05,32642,,,,,,,,,,,,,
8.54990432923012e-05,8.54990432923012e-05,32642,,,,,,,,,,,,,
,,32642,0.0003667610581032932,39,,,,,,,,,,,
,,32719,,39,-0.5811023712158203,0.0002773901214823127,0.011294126510620117,0.5811023712158203,1.5730527639389038,0.5920423269271851,,,,,
8.536192826465145e-05,8.536192826465145e-05,32723,,,,,,,,,,,,,
8.536192826465145e-05,8.536192826465145e-05,32723,,,,,,,,,,,,,
,,32723,0.0003309242310933769,40,,,,,,,,,,,
8.522427923374203e-05,8.522427923374203e-05,32804,,,,,,,,,,,,,
8.522427923374203e-05,8.522427923374203e-05,32804,,,,,,,,,,,,,
,,32804,0.00036966108018532395,40,,,,,,,,,,,
8.508609828116488e-05,8.508609828116488e-05,32885,,,,,,,,,,,,,
8.508609828116488e-05,8.508609828116488e-05,32885,,,,,,,,,,,,,
,,32885,0.00033329796860925853,40,,,,,,,,,,,
8.494738749655614e-05,8.494738749655614e-05,32966,,,,,,,,,,,,,
8.494738749655614e-05,8.494738749655614e-05,32966,,,,,,,,,,,,,
,,32966,0.00033517807605676353,40,,,,,,,,,,,
8.480814897756418e-05,8.480814897756418e-05,33047,,,,,,,,,,,,,
8.480814897756418e-05,8.480814897756418e-05,33047,,,,,,,,,,,,,
,,33047,0.00035950911114923656,40,,,,,,,,,,,
8.466838482981818e-05,8.466838482981818e-05,33128,,,,,,,,,,,,,
8.466838482981818e-05,8.466838482981818e-05,33128,,,,,,,,,,,,,
,,33128,0.0003688111319206655,40,,,,,,,,,,,
8.452809716689599e-05,8.452809716689599e-05,33209,,,,,,,,,,,,,
8.452809716689599e-05,8.452809716689599e-05,33209,,,,,,,,,,,,,
,,33209,0.00037945309304632246,40,,,,,,,,,,,
8.438728811029229e-05,8.438728811029229e-05,33290,,,,,,,,,,,,,
8.438728811029229e-05,8.438728811029229e-05,33290,,,,,,,,,,,,,
,,33290,0.00033253326546400785,40,,,,,,,,,,,
8.424595978938644e-05,8.424595978938644e-05,33371,,,,,,,,,,,,,
8.424595978938644e-05,8.424595978938644e-05,33371,,,,,,,,,,,,,
,,33371,0.00037303994758985937,40,,,,,,,,,,,
8.410411434141072e-05,8.410411434141072e-05,33452,,,,,,,,,,,,,
8.410411434141072e-05,8.410411434141072e-05,33452,,,,,,,,,,,,,
,,33452,0.0003389214107301086,40,,,,,,,,,,,
8.396175391141727e-05,8.396175391141727e-05,33533,,,,,,,,,,,,,
8.396175391141727e-05,8.396175391141727e-05,33533,,,,,,,,,,,,,
,,33533,0.0003412750374991447,40,,,,,,,,,,,
8.381888065224612e-05,8.381888065224612e-05,33614,,,,,,,,,,,,,
8.381888065224612e-05,8.381888065224612e-05,33614,,,,,,,,,,,,,
,,33614,0.0003398437984287739,41,,,,,,,,,,,
8.367549672449251e-05,8.367549672449251e-05,33695,,,,,,,,,,,,,
8.367549672449251e-05,8.367549672449251e-05,33695,,,,,,,,,,,,,
,,33695,0.0003407384210731834,41,,,,,,,,,,,
8.353160429647444e-05,8.353160429647444e-05,33776,,,,,,,,,,,,,
8.353160429647444e-05,8.353160429647444e-05,33776,,,,,,,,,,,,,
,,33776,0.0003376204113010317,41,,,,,,,,,,,
8.338720554419945e-05,8.338720554419945e-05,33857,,,,,,,,,,,,,
8.338720554419945e-05,8.338720554419945e-05,33857,,,,,,,,,,,,,
,,33857,0.0003527300141286105,41,,,,,,,,,,,
8.324230265133204e-05,8.324230265133204e-05,33938,,,,,,,,,,,,,
8.324230265133204e-05,8.324230265133204e-05,33938,,,,,,,,,,,,,
,,33938,0.0003459699801169336,41,,,,,,,,,,,
8.309689780916065e-05,8.309689780916065e-05,34019,,,,,,,,,,,,,
8.309689780916065e-05,8.309689780916065e-05,34019,,,,,,,,,,,,,
,,34019,0.000328441004967317,41,,,,,,,,,,,
8.295099321656432e-05,8.295099321656432e-05,34100,,,,,,,,,,,,,
8.295099321656432e-05,8.295099321656432e-05,34100,,,,,,,,,,,,,
,,34100,0.000335092336172238,41,,,,,,,,,,,
8.280459107997959e-05,8.280459107997959e-05,34181,,,,,,,,,,,,,
8.280459107997959e-05,8.280459107997959e-05,34181,,,,,,,,,,,,,
,,34181,0.00030741593218408525,41,,,,,,,,,,,
8.2657693613367e-05,8.2657693613367e-05,34262,,,,,,,,,,,,,
8.2657693613367e-05,8.2657693613367e-05,34262,,,,,,,,,,,,,
,,34262,0.0003674104518722743,41,,,,,,,,,,,
8.251030303817785e-05,8.251030303817785e-05,34343,,,,,,,,,,,,,
8.251030303817785e-05,8.251030303817785e-05,34343,,,,,,,,,,,,,
,,34343,0.0003068427031394094,41,,,,,,,,,,,
8.236242158332029e-05,8.236242158332029e-05,34424,,,,,,,,,,,,,
8.236242158332029e-05,8.236242158332029e-05,34424,,,,,,,,,,,,,
,,34424,0.0003242507518734783,42,,,,,,,,,,,
8.221405148512584e-05,8.221405148512584e-05,34505,,,,,,,,,,,,,
8.221405148512584e-05,8.221405148512584e-05,34505,,,,,,,,,,,,,
,,34505,0.00034005410270765424,42,,,,,,,,,,,
8.206519498731565e-05,8.206519498731565e-05,34586,,,,,,,,,,,,,
8.206519498731565e-05,8.206519498731565e-05,34586,,,,,,,,,,,,,
,,34586,0.0003714142367243767,42,,,,,,,,,,,
8.191585434096624e-05,8.191585434096624e-05,34667,,,,,,,,,,,,,
8.191585434096624e-05,8.191585434096624e-05,34667,,,,,,,,,,,,,
,,34667,0.0003488819638732821,42,,,,,,,,,,,
8.176603180447564e-05,8.176603180447564e-05,34748,,,,,,,,,,,,,
8.176603180447564e-05,8.176603180447564e-05,34748,,,,,,,,,,,,,
,,34748,0.00030952412635087967,42,,,,,,,,,,,
8.161572964352946e-05,8.161572964352946e-05,34829,,,,,,,,,,,,,
8.161572964352946e-05,8.161572964352946e-05,34829,,,,,,,,,,,,,
,,34829,0.0003615661698859185,42,,,,,,,,,,,
8.146495013106626e-05,8.146495013106626e-05,34910,,,,,,,,,,,,,
8.146495013106626e-05,8.146495013106626e-05,34910,,,,,,,,,,,,,
,,34910,0.00036392404581420124,42,,,,,,,,,,,
8.131369554724332e-05,8.131369554724332e-05,34991,,,,,,,,,,,,,
8.131369554724332e-05,8.131369554724332e-05,34991,,,,,,,,,,,,,
,,34991,0.00032816396560519934,42,,,,,,,,,,,
8.116196817940215e-05,8.116196817940215e-05,35072,,,,,,,,,,,,,
8.116196817940215e-05,8.116196817940215e-05,35072,,,,,,,,,,,,,
,,35072,0.00033402343979105353,42,,,,,,,,,,,
8.100977032203394e-05,8.100977032203394e-05,35153,,,,,,,,,,,,,
8.100977032203394e-05,8.100977032203394e-05,35153,,,,,,,,,,,,,
,,35153,0.0003270320885349065,42,,,,,,,,,,,
8.085710427674494e-05,8.085710427674494e-05,35234,,,,,,,,,,,,,
8.085710427674494e-05,8.085710427674494e-05,35234,,,,,,,,,,,,,
,,35234,0.00032641112920828164,43,,,,,,,,,,,
8.070397235222145e-05,8.070397235222145e-05,35315,,,,,,,,,,,,,
8.070397235222145e-05,8.070397235222145e-05,35315,,,,,,,,,,,,,
,,35315,0.0003437536070123315,43,,,,,,,,,,,
8.055037686419494e-05,8.055037686419494e-05,35396,,,,,,,,,,,,,
8.055037686419494e-05,8.055037686419494e-05,35396,,,,,,,,,,,,,
,,35396,0.00035683042369782925,43,,,,,,,,,,,
8.039632013540727e-05,8.039632013540727e-05,35477,,,,,,,,,,,,,
8.039632013540727e-05,8.039632013540727e-05,35477,,,,,,,,,,,,,
,,35477,0.00029707548674196005,43,,,,,,,,,,,
8.024180449557542e-05,8.024180449557542e-05,35558,,,,,,,,,,,,,
8.024180449557542e-05,8.024180449557542e-05,35558,,,,,,,,,,,,,
,,35558,0.00035725533962249756,43,,,,,,,,,,,
8.008683228135594e-05,8.008683228135594e-05,35639,,,,,,,,,,,,,
8.008683228135594e-05,8.008683228135594e-05,35639,,,,,,,,,,,,,
,,35639,0.0003176905738655478,43,,,,,,,,,,,
7.993140583631024e-05,7.993140583631024e-05,35720,,,,,,,,,,,,,
7.993140583631024e-05,7.993140583631024e-05,35720,,,,,,,,,,,,,
,,35720,0.00034140548086725175,43,,,,,,,,,,,
7.977552751086862e-05,7.977552751086862e-05,35801,,,,,,,,,,,,,
7.977552751086862e-05,7.977552751086862e-05,35801,,,,,,,,,,,,,
,,35801,0.0003400397254154086,43,,,,,,,,,,,
7.961919966229508e-05,7.961919966229508e-05,35882,,,,,,,,,,,,,
7.961919966229508e-05,7.961919966229508e-05,35882,,,,,,,,,,,,,
,,35882,0.00032018180354498327,43,,,,,,,,,,,
7.946242465465143e-05,7.946242465465143e-05,35963,,,,,,,,,,,,,
7.946242465465143e-05,7.946242465465143e-05,35963,,,,,,,,,,,,,
,,35963,0.00032942963298410177,43,,,,,,,,,,,
7.93052048587615e-05,7.93052048587615e-05,36044,,,,,,,,,,,,,
7.93052048587615e-05,7.93052048587615e-05,36044,,,,,,,,,,,,,
,,36044,0.0003411437792237848,44,,,,,,,,,,,
7.914754265217557e-05,7.914754265217557e-05,36125,,,,,,,,,,,,,
7.914754265217557e-05,7.914754265217557e-05,36125,,,,,,,,,,,,,
,,36125,0.00032444336102344096,44,,,,,,,,,,,
7.898944041913416e-05,7.898944041913416e-05,36206,,,,,,,,,,,,,
7.898944041913416e-05,7.898944041913416e-05,36206,,,,,,,,,,,,,
,,36206,0.00032089694286696613,44,,,,,,,,,,,
7.883090055053219e-05,7.883090055053219e-05,36287,,,,,,,,,,,,,
7.883090055053219e-05,7.883090055053219e-05,36287,,,,,,,,,,,,,
,,36287,0.00033229717519134283,44,,,,,,,,,,,
7.867192544388264e-05,7.867192544388264e-05,36368,,,,,,,,,,,,,
7.867192544388264e-05,7.867192544388264e-05,36368,,,,,,,,,,,,,
,,36368,0.00034310214687138796,44,,,,,,,,,,,
7.851251750328039e-05,7.851251750328039e-05,36449,,,,,,,,,,,,,
7.851251750328039e-05,7.851251750328039e-05,36449,,,,,,,,,,,,,
,,36449,0.0003320475807413459,44,,,,,,,,,,,
7.835267913936588e-05,7.835267913936588e-05,36530,,,,,,,,,,,,,
7.835267913936588e-05,7.835267913936588e-05,36530,,,,,,,,,,,,,
,,36530,0.0003223108360543847,44,,,,,,,,,,,
7.81924127692884e-05,7.81924127692884e-05,36611,,,,,,,,,,,,,
7.81924127692884e-05,7.81924127692884e-05,36611,,,,,,,,,,,,,
,,36611,0.0003638436901383102,44,,,,,,,,,,,
7.803172081666989e-05,7.803172081666989e-05,36692,,,,,,,,,,,,,
7.803172081666989e-05,7.803172081666989e-05,36692,,,,,,,,,,,,,
,,36692,0.0003506434441078454,44,,,,,,,,,,,
7.787060571156826e-05,7.787060571156826e-05,36773,,,,,,,,,,,,,
7.787060571156826e-05,7.787060571156826e-05,36773,,,,,,,,,,,,,
,,36773,0.00032064266270026565,44,,,,,,,,,,,
,,36809,,44,-0.5875376462936401,0.00027882843278348446,0.011278526857495308,0.5875376462936401,1.616887092590332,0.620668351650238,,,,,
,,36810,,45,,,,,,,0.00026152419741265476,0.011123904027044773,0.6739361882209778,1.9939121007919312,0.6136031746864319
